Person ID,Party,Type
3A,democrat,handicapped-infants
4A,democrat,handicapped-infants
5A,democrat,handicapped-infants
6A,democrat,handicapped-infants
7A,democrat,handicapped-infants
8A,republican,handicapped-infants
9A,democrat,handicapped-infants
11A,democrat,handicapped-infants
13A,democrat,handicapped-infants
15A,republican,handicapped-infants
17A,democrat,handicapped-infants
18A,democrat,handicapped-infants
19A,democrat,handicapped-infants
20A,democrat,handicapped-infants
21A,democrat,handicapped-infants
22A,democrat,handicapped-infants
23A,republican,handicapped-infants
29A,democrat,handicapped-infants
30A,republican,handicapped-infants
33A,democrat,handicapped-infants
34A,republican,handicapped-infants
35A,republican,handicapped-infants
36A,democrat,handicapped-infants
39A,democrat,handicapped-infants
47A,democrat,handicapped-infants
48A,democrat,handicapped-infants
49A,democrat,handicapped-infants
50A,democrat,handicapped-infants
51A,democrat,handicapped-infants
52A,democrat,handicapped-infants
53A,democrat,handicapped-infants
54A,democrat,handicapped-infants
55A,democrat,handicapped-infants
58A,democrat,handicapped-infants
59A,republican,handicapped-infants
68A,democrat,handicapped-infants
75A,republican,handicapped-infants
79A,republican,handicapped-infants
85A,republican,handicapped-infants
86A,republican,handicapped-infants
87A,democrat,handicapped-infants
91A,democrat,handicapped-infants
95A,democrat,handicapped-infants
99A,democrat,handicapped-infants
100A,democrat,handicapped-infants
101A,democrat,handicapped-infants
105A,democrat,handicapped-infants
110A,republican,handicapped-infants
121A,democrat,handicapped-infants
123A,democrat,handicapped-infants
124A,democrat,handicapped-infants
125A,democrat,handicapped-infants
128A,democrat,handicapped-infants
130A,democrat,handicapped-infants
131A,democrat,handicapped-infants
134A,democrat,handicapped-infants
135A,democrat,handicapped-infants
136A,democrat,handicapped-infants
138A,republican,handicapped-infants
139A,democrat,handicapped-infants
140A,democrat,handicapped-infants
141A,republican,handicapped-infants
149A,democrat,handicapped-infants
150A,democrat,handicapped-infants
151A,democrat,handicapped-infants
161A,democrat,handicapped-infants
164A,democrat,handicapped-infants
168A,democrat,handicapped-infants
170A,democrat,handicapped-infants
172A,democrat,handicapped-infants
174A,democrat,handicapped-infants
177A,democrat,handicapped-infants
178A,democrat,handicapped-infants
179A,republican,handicapped-infants
185A,republican,handicapped-infants
190A,republican,handicapped-infants
193A,democrat,handicapped-infants
194A,democrat,handicapped-infants
195A,republican,handicapped-infants
196A,republican,handicapped-infants
204A,democrat,handicapped-infants
205A,democrat,handicapped-infants
206A,democrat,handicapped-infants
207A,democrat,handicapped-infants
208A,republican,handicapped-infants
209A,democrat,handicapped-infants
212A,republican,handicapped-infants
214A,democrat,handicapped-infants
218A,democrat,handicapped-infants
220A,democrat,handicapped-infants
221A,republican,handicapped-infants
222A,democrat,handicapped-infants
223A,democrat,handicapped-infants
224A,democrat,handicapped-infants
225A,republican,handicapped-infants
229A,democrat,handicapped-infants
1A,democrat,water-project-cost-sharing
2A,republican,water-project-cost-sharing
3A,democrat,water-project-cost-sharing
4A,democrat,water-project-cost-sharing
7A,democrat,water-project-cost-sharing
9A,democrat,water-project-cost-sharing
10A,republican,water-project-cost-sharing
11A,democrat,water-project-cost-sharing
12A,republican,water-project-cost-sharing
13A,democrat,water-project-cost-sharing
14A,republican,water-project-cost-sharing
15A,republican,water-project-cost-sharing
16A,republican,water-project-cost-sharing
20A,democrat,water-project-cost-sharing
21A,democrat,water-project-cost-sharing
22A,democrat,water-project-cost-sharing
23A,republican,water-project-cost-sharing
24A,republican,water-project-cost-sharing
25A,republican,water-project-cost-sharing
26A,republican,water-project-cost-sharing
27A,republican,water-project-cost-sharing
28A,republican,water-project-cost-sharing
29A,democrat,water-project-cost-sharing
30A,republican,water-project-cost-sharing
31A,republican,water-project-cost-sharing
32A,republican,water-project-cost-sharing
33A,democrat,water-project-cost-sharing
34A,republican,water-project-cost-sharing
37A,democrat,water-project-cost-sharing
38A,democrat,water-project-cost-sharing
39A,democrat,water-project-cost-sharing
46A,democrat,water-project-cost-sharing
52A,democrat,water-project-cost-sharing
55A,democrat,water-project-cost-sharing
56A,republican,water-project-cost-sharing
59A,republican,water-project-cost-sharing
60A,democrat,water-project-cost-sharing
66A,republican,water-project-cost-sharing
71A,republican,water-project-cost-sharing
73A,republican,water-project-cost-sharing
75A,republican,water-project-cost-sharing
76A,democrat,water-project-cost-sharing
78A,republican,water-project-cost-sharing
79A,republican,water-project-cost-sharing
80A,republican,water-project-cost-sharing
81A,democrat,water-project-cost-sharing
83A,democrat,water-project-cost-sharing
84A,republican,water-project-cost-sharing
89A,democrat,water-project-cost-sharing
94A,democrat,water-project-cost-sharing
99A,democrat,water-project-cost-sharing
105A,democrat,water-project-cost-sharing
107A,republican,water-project-cost-sharing
109A,democrat,water-project-cost-sharing
110A,republican,water-project-cost-sharing
111A,republican,water-project-cost-sharing
112A,democrat,water-project-cost-sharing
115A,republican,water-project-cost-sharing
116A,republican,water-project-cost-sharing
117A,republican,water-project-cost-sharing
118A,republican,water-project-cost-sharing
126A,republican,water-project-cost-sharing
127A,republican,water-project-cost-sharing
128A,democrat,water-project-cost-sharing
129A,republican,water-project-cost-sharing
140A,democrat,water-project-cost-sharing
149A,democrat,water-project-cost-sharing
151A,democrat,water-project-cost-sharing
153A,democrat,water-project-cost-sharing
154A,democrat,water-project-cost-sharing
164A,democrat,water-project-cost-sharing
165A,republican,water-project-cost-sharing
166A,republican,water-project-cost-sharing
169A,democrat,water-project-cost-sharing
170A,democrat,water-project-cost-sharing
171A,republican,water-project-cost-sharing
172A,democrat,water-project-cost-sharing
173A,republican,water-project-cost-sharing
174A,democrat,water-project-cost-sharing
175A,republican,water-project-cost-sharing
186A,republican,water-project-cost-sharing
187A,democrat,water-project-cost-sharing
194A,democrat,water-project-cost-sharing
195A,republican,water-project-cost-sharing
196A,republican,water-project-cost-sharing
197A,democrat,water-project-cost-sharing
198A,democrat,water-project-cost-sharing
199A,republican,water-project-cost-sharing
200A,republican,water-project-cost-sharing
201A,democrat,water-project-cost-sharing
204A,democrat,water-project-cost-sharing
205A,democrat,water-project-cost-sharing
206A,democrat,water-project-cost-sharing
207A,democrat,water-project-cost-sharing
208A,republican,water-project-cost-sharing
209A,democrat,water-project-cost-sharing
210A,democrat,water-project-cost-sharing
211A,republican,water-project-cost-sharing
212A,republican,water-project-cost-sharing
220A,democrat,water-project-cost-sharing
221A,republican,water-project-cost-sharing
222A,democrat,water-project-cost-sharing
223A,democrat,water-project-cost-sharing
224A,democrat,water-project-cost-sharing
225A,republican,water-project-cost-sharing
226A,democrat,water-project-cost-sharing
228A,democrat,water-project-cost-sharing
1A,democrat,adoption-of-the-budget-resolution
3A,democrat,adoption-of-the-budget-resolution
4A,democrat,adoption-of-the-budget-resolution
5A,democrat,adoption-of-the-budget-resolution
6A,democrat,adoption-of-the-budget-resolution
7A,democrat,adoption-of-the-budget-resolution
9A,democrat,adoption-of-the-budget-resolution
11A,democrat,adoption-of-the-budget-resolution
13A,democrat,adoption-of-the-budget-resolution
17A,democrat,adoption-of-the-budget-resolution
18A,democrat,adoption-of-the-budget-resolution
19A,democrat,adoption-of-the-budget-resolution
20A,democrat,adoption-of-the-budget-resolution
21A,democrat,adoption-of-the-budget-resolution
22A,democrat,adoption-of-the-budget-resolution
29A,democrat,adoption-of-the-budget-resolution
33A,democrat,adoption-of-the-budget-resolution
34A,republican,adoption-of-the-budget-resolution
35A,republican,adoption-of-the-budget-resolution
36A,democrat,adoption-of-the-budget-resolution
37A,democrat,adoption-of-the-budget-resolution
38A,democrat,adoption-of-the-budget-resolution
39A,democrat,adoption-of-the-budget-resolution
43A,democrat,adoption-of-the-budget-resolution
46A,democrat,adoption-of-the-budget-resolution
47A,democrat,adoption-of-the-budget-resolution
48A,democrat,adoption-of-the-budget-resolution
49A,democrat,adoption-of-the-budget-resolution
50A,democrat,adoption-of-the-budget-resolution
52A,democrat,adoption-of-the-budget-resolution
54A,democrat,adoption-of-the-budget-resolution
55A,democrat,adoption-of-the-budget-resolution
57A,democrat,adoption-of-the-budget-resolution
58A,democrat,adoption-of-the-budget-resolution
59A,republican,adoption-of-the-budget-resolution
60A,democrat,adoption-of-the-budget-resolution
63A,democrat,adoption-of-the-budget-resolution
67A,democrat,adoption-of-the-budget-resolution
68A,democrat,adoption-of-the-budget-resolution
74A,democrat,adoption-of-the-budget-resolution
76A,democrat,adoption-of-the-budget-resolution
77A,democrat,adoption-of-the-budget-resolution
83A,democrat,adoption-of-the-budget-resolution
85A,republican,adoption-of-the-budget-resolution
86A,republican,adoption-of-the-budget-resolution
87A,democrat,adoption-of-the-budget-resolution
89A,democrat,adoption-of-the-budget-resolution
90A,republican,adoption-of-the-budget-resolution
91A,democrat,adoption-of-the-budget-resolution
92A,democrat,adoption-of-the-budget-resolution
93A,democrat,adoption-of-the-budget-resolution
94A,democrat,adoption-of-the-budget-resolution
95A,democrat,adoption-of-the-budget-resolution
97A,democrat,adoption-of-the-budget-resolution
98A,democrat,adoption-of-the-budget-resolution
99A,democrat,adoption-of-the-budget-resolution
100A,democrat,adoption-of-the-budget-resolution
101A,democrat,adoption-of-the-budget-resolution
102A,republican,adoption-of-the-budget-resolution
103A,democrat,adoption-of-the-budget-resolution
105A,democrat,adoption-of-the-budget-resolution
106A,democrat,adoption-of-the-budget-resolution
108A,democrat,adoption-of-the-budget-resolution
109A,democrat,adoption-of-the-budget-resolution
112A,democrat,adoption-of-the-budget-resolution
114A,democrat,adoption-of-the-budget-resolution
115A,republican,adoption-of-the-budget-resolution
120A,democrat,adoption-of-the-budget-resolution
121A,democrat,adoption-of-the-budget-resolution
123A,democrat,adoption-of-the-budget-resolution
124A,democrat,adoption-of-the-budget-resolution
125A,democrat,adoption-of-the-budget-resolution
128A,democrat,adoption-of-the-budget-resolution
130A,democrat,adoption-of-the-budget-resolution
131A,democrat,adoption-of-the-budget-resolution
133A,democrat,adoption-of-the-budget-resolution
134A,democrat,adoption-of-the-budget-resolution
135A,democrat,adoption-of-the-budget-resolution
136A,democrat,adoption-of-the-budget-resolution
139A,democrat,adoption-of-the-budget-resolution
140A,democrat,adoption-of-the-budget-resolution
143A,republican,adoption-of-the-budget-resolution
146A,democrat,adoption-of-the-budget-resolution
148A,democrat,adoption-of-the-budget-resolution
149A,democrat,adoption-of-the-budget-resolution
150A,democrat,adoption-of-the-budget-resolution
151A,democrat,adoption-of-the-budget-resolution
152A,republican,adoption-of-the-budget-resolution
154A,democrat,adoption-of-the-budget-resolution
163A,democrat,adoption-of-the-budget-resolution
164A,democrat,adoption-of-the-budget-resolution
165A,republican,adoption-of-the-budget-resolution
169A,democrat,adoption-of-the-budget-resolution
170A,democrat,adoption-of-the-budget-resolution
174A,democrat,adoption-of-the-budget-resolution
176A,democrat,adoption-of-the-budget-resolution
177A,democrat,adoption-of-the-budget-resolution
178A,democrat,adoption-of-the-budget-resolution
182A,democrat,adoption-of-the-budget-resolution
186A,republican,adoption-of-the-budget-resolution
188A,republican,adoption-of-the-budget-resolution
189A,republican,adoption-of-the-budget-resolution
190A,republican,adoption-of-the-budget-resolution
193A,democrat,adoption-of-the-budget-resolution
194A,democrat,adoption-of-the-budget-resolution
198A,democrat,adoption-of-the-budget-resolution
204A,democrat,adoption-of-the-budget-resolution
205A,democrat,adoption-of-the-budget-resolution
209A,democrat,adoption-of-the-budget-resolution
210A,democrat,adoption-of-the-budget-resolution
214A,democrat,adoption-of-the-budget-resolution
218A,democrat,adoption-of-the-budget-resolution
220A,democrat,adoption-of-the-budget-resolution
222A,democrat,adoption-of-the-budget-resolution
223A,democrat,adoption-of-the-budget-resolution
224A,democrat,adoption-of-the-budget-resolution
225A,republican,adoption-of-the-budget-resolution
226A,democrat,adoption-of-the-budget-resolution
227A,democrat,adoption-of-the-budget-resolution
228A,democrat,adoption-of-the-budget-resolution
229A,democrat,adoption-of-the-budget-resolution
231A,republican,adoption-of-the-budget-resolution
232A,democrat,adoption-of-the-budget-resolution
2A,republican,physician-fee-freeze
8A,republican,physician-fee-freeze
10A,republican,physician-fee-freeze
12A,republican,physician-fee-freeze
14A,republican,physician-fee-freeze
15A,republican,physician-fee-freeze
16A,republican,physician-fee-freeze
23A,republican,physician-fee-freeze
24A,republican,physician-fee-freeze
25A,republican,physician-fee-freeze
26A,republican,physician-fee-freeze
27A,republican,physician-fee-freeze
28A,republican,physician-fee-freeze
30A,republican,physician-fee-freeze
31A,republican,physician-fee-freeze
32A,republican,physician-fee-freeze
34A,republican,physician-fee-freeze
35A,republican,physician-fee-freeze
37A,democrat,physician-fee-freeze
38A,democrat,physician-fee-freeze
40A,republican,physician-fee-freeze
41A,republican,physician-fee-freeze
42A,republican,physician-fee-freeze
44A,republican,physician-fee-freeze
45A,republican,physician-fee-freeze
56A,republican,physician-fee-freeze
59A,republican,physician-fee-freeze
61A,republican,physician-fee-freeze
62A,republican,physician-fee-freeze
64A,republican,physician-fee-freeze
65A,republican,physician-fee-freeze
66A,republican,physician-fee-freeze
69A,republican,physician-fee-freeze
70A,republican,physician-fee-freeze
71A,republican,physician-fee-freeze
73A,republican,physician-fee-freeze
75A,republican,physician-fee-freeze
78A,republican,physician-fee-freeze
79A,republican,physician-fee-freeze
80A,republican,physician-fee-freeze
84A,republican,physician-fee-freeze
85A,republican,physician-fee-freeze
86A,republican,physician-fee-freeze
90A,republican,physician-fee-freeze
102A,republican,physician-fee-freeze
104A,republican,physician-fee-freeze
107A,republican,physician-fee-freeze
110A,republican,physician-fee-freeze
111A,republican,physician-fee-freeze
113A,republican,physician-fee-freeze
115A,republican,physician-fee-freeze
116A,republican,physician-fee-freeze
117A,republican,physician-fee-freeze
118A,republican,physician-fee-freeze
119A,republican,physician-fee-freeze
122A,republican,physician-fee-freeze
126A,republican,physician-fee-freeze
127A,republican,physician-fee-freeze
129A,republican,physician-fee-freeze
132A,republican,physician-fee-freeze
137A,republican,physician-fee-freeze
141A,republican,physician-fee-freeze
142A,republican,physician-fee-freeze
143A,republican,physician-fee-freeze
144A,republican,physician-fee-freeze
145A,republican,physician-fee-freeze
147A,republican,physician-fee-freeze
152A,republican,physician-fee-freeze
155A,republican,physician-fee-freeze
156A,republican,physician-fee-freeze
157A,republican,physician-fee-freeze
158A,republican,physician-fee-freeze
159A,republican,physician-fee-freeze
160A,republican,physician-fee-freeze
162A,republican,physician-fee-freeze
165A,republican,physician-fee-freeze
166A,republican,physician-fee-freeze
171A,republican,physician-fee-freeze
172A,democrat,physician-fee-freeze
173A,republican,physician-fee-freeze
175A,republican,physician-fee-freeze
179A,republican,physician-fee-freeze
180A,republican,physician-fee-freeze
181A,republican,physician-fee-freeze
183A,republican,physician-fee-freeze
184A,republican,physician-fee-freeze
185A,republican,physician-fee-freeze
186A,republican,physician-fee-freeze
188A,republican,physician-fee-freeze
189A,republican,physician-fee-freeze
190A,republican,physician-fee-freeze
191A,republican,physician-fee-freeze
192A,republican,physician-fee-freeze
195A,republican,physician-fee-freeze
196A,republican,physician-fee-freeze
199A,republican,physician-fee-freeze
200A,republican,physician-fee-freeze
201A,democrat,physician-fee-freeze
202A,republican,physician-fee-freeze
203A,republican,physician-fee-freeze
205A,democrat,physician-fee-freeze
208A,republican,physician-fee-freeze
211A,republican,physician-fee-freeze
212A,republican,physician-fee-freeze
213A,republican,physician-fee-freeze
215A,democrat,physician-fee-freeze
216A,republican,physician-fee-freeze
217A,republican,physician-fee-freeze
219A,republican,physician-fee-freeze
221A,republican,physician-fee-freeze
225A,republican,physician-fee-freeze
230A,republican,physician-fee-freeze
231A,republican,physician-fee-freeze
1A,democrat,el-salvador-aid
2A,republican,el-salvador-aid
8A,republican,el-salvador-aid
10A,republican,el-salvador-aid
12A,republican,el-salvador-aid
14A,republican,el-salvador-aid
15A,republican,el-salvador-aid
16A,republican,el-salvador-aid
23A,republican,el-salvador-aid
24A,republican,el-salvador-aid
25A,republican,el-salvador-aid
26A,republican,el-salvador-aid
27A,republican,el-salvador-aid
28A,republican,el-salvador-aid
30A,republican,el-salvador-aid
31A,republican,el-salvador-aid
32A,republican,el-salvador-aid
35A,republican,el-salvador-aid
37A,democrat,el-salvador-aid
38A,democrat,el-salvador-aid
39A,democrat,el-salvador-aid
40A,republican,el-salvador-aid
41A,republican,el-salvador-aid
42A,republican,el-salvador-aid
43A,democrat,el-salvador-aid
44A,republican,el-salvador-aid
45A,republican,el-salvador-aid
46A,democrat,el-salvador-aid
50A,democrat,el-salvador-aid
51A,democrat,el-salvador-aid
53A,democrat,el-salvador-aid
54A,democrat,el-salvador-aid
56A,republican,el-salvador-aid
59A,republican,el-salvador-aid
61A,republican,el-salvador-aid
62A,republican,el-salvador-aid
64A,republican,el-salvador-aid
65A,republican,el-salvador-aid
66A,republican,el-salvador-aid
70A,republican,el-salvador-aid
71A,republican,el-salvador-aid
73A,republican,el-salvador-aid
75A,republican,el-salvador-aid
78A,republican,el-salvador-aid
79A,republican,el-salvador-aid
80A,republican,el-salvador-aid
81A,democrat,el-salvador-aid
82A,democrat,el-salvador-aid
83A,democrat,el-salvador-aid
84A,republican,el-salvador-aid
85A,republican,el-salvador-aid
86A,republican,el-salvador-aid
88A,democrat,el-salvador-aid
102A,republican,el-salvador-aid
104A,republican,el-salvador-aid
107A,republican,el-salvador-aid
110A,republican,el-salvador-aid
111A,republican,el-salvador-aid
113A,republican,el-salvador-aid
115A,republican,el-salvador-aid
116A,republican,el-salvador-aid
117A,republican,el-salvador-aid
118A,republican,el-salvador-aid
119A,republican,el-salvador-aid
122A,republican,el-salvador-aid
126A,republican,el-salvador-aid
127A,republican,el-salvador-aid
129A,republican,el-salvador-aid
132A,republican,el-salvador-aid
137A,republican,el-salvador-aid
141A,republican,el-salvador-aid
142A,republican,el-salvador-aid
143A,republican,el-salvador-aid
144A,republican,el-salvador-aid
145A,republican,el-salvador-aid
147A,republican,el-salvador-aid
149A,democrat,el-salvador-aid
152A,republican,el-salvador-aid
155A,republican,el-salvador-aid
156A,republican,el-salvador-aid
157A,republican,el-salvador-aid
158A,republican,el-salvador-aid
159A,republican,el-salvador-aid
160A,republican,el-salvador-aid
162A,republican,el-salvador-aid
165A,republican,el-salvador-aid
166A,republican,el-salvador-aid
171A,republican,el-salvador-aid
173A,republican,el-salvador-aid
175A,republican,el-salvador-aid
179A,republican,el-salvador-aid
180A,republican,el-salvador-aid
181A,republican,el-salvador-aid
183A,republican,el-salvador-aid
184A,republican,el-salvador-aid
185A,republican,el-salvador-aid
186A,republican,el-salvador-aid
188A,republican,el-salvador-aid
189A,republican,el-salvador-aid
191A,republican,el-salvador-aid
192A,republican,el-salvador-aid
195A,republican,el-salvador-aid
196A,republican,el-salvador-aid
197A,democrat,el-salvador-aid
199A,republican,el-salvador-aid
200A,republican,el-salvador-aid
201A,democrat,el-salvador-aid
202A,republican,el-salvador-aid
203A,republican,el-salvador-aid
204A,democrat,el-salvador-aid
205A,democrat,el-salvador-aid
206A,democrat,el-salvador-aid
208A,republican,el-salvador-aid
209A,democrat,el-salvador-aid
210A,democrat,el-salvador-aid
211A,republican,el-salvador-aid
212A,republican,el-salvador-aid
213A,republican,el-salvador-aid
214A,democrat,el-salvador-aid
215A,democrat,el-salvador-aid
216A,republican,el-salvador-aid
217A,republican,el-salvador-aid
219A,republican,el-salvador-aid
221A,republican,el-salvador-aid
225A,republican,el-salvador-aid
226A,democrat,el-salvador-aid
230A,republican,el-salvador-aid
231A,republican,el-salvador-aid
1A,democrat,religious-groups-in-schools
2A,republican,religious-groups-in-schools
10A,republican,religious-groups-in-schools
12A,republican,religious-groups-in-schools
14A,republican,religious-groups-in-schools
15A,republican,religious-groups-in-schools
16A,republican,religious-groups-in-schools
23A,republican,religious-groups-in-schools
24A,republican,religious-groups-in-schools
25A,republican,religious-groups-in-schools
26A,republican,religious-groups-in-schools
27A,republican,religious-groups-in-schools
28A,republican,religious-groups-in-schools
30A,republican,religious-groups-in-schools
31A,republican,religious-groups-in-schools
32A,republican,religious-groups-in-schools
36A,democrat,religious-groups-in-schools
37A,democrat,religious-groups-in-schools
38A,democrat,religious-groups-in-schools
39A,democrat,religious-groups-in-schools
41A,republican,religious-groups-in-schools
42A,republican,religious-groups-in-schools
43A,democrat,religious-groups-in-schools
44A,republican,religious-groups-in-schools
45A,republican,religious-groups-in-schools
46A,democrat,religious-groups-in-schools
50A,democrat,religious-groups-in-schools
51A,democrat,religious-groups-in-schools
52A,democrat,religious-groups-in-schools
53A,democrat,religious-groups-in-schools
54A,democrat,religious-groups-in-schools
56A,republican,religious-groups-in-schools
61A,republican,religious-groups-in-schools
62A,republican,religious-groups-in-schools
63A,democrat,religious-groups-in-schools
64A,republican,religious-groups-in-schools
65A,republican,religious-groups-in-schools
66A,republican,religious-groups-in-schools
67A,democrat,religious-groups-in-schools
68A,democrat,religious-groups-in-schools
70A,republican,religious-groups-in-schools
71A,republican,religious-groups-in-schools
73A,republican,religious-groups-in-schools
75A,republican,religious-groups-in-schools
76A,democrat,religious-groups-in-schools
77A,democrat,religious-groups-in-schools
78A,republican,religious-groups-in-schools
79A,republican,religious-groups-in-schools
80A,republican,religious-groups-in-schools
81A,democrat,religious-groups-in-schools
82A,democrat,religious-groups-in-schools
83A,democrat,religious-groups-in-schools
84A,republican,religious-groups-in-schools
85A,republican,religious-groups-in-schools
86A,republican,religious-groups-in-schools
88A,democrat,religious-groups-in-schools
96A,democrat,religious-groups-in-schools
100A,democrat,religious-groups-in-schools
102A,republican,religious-groups-in-schools
103A,democrat,religious-groups-in-schools
104A,republican,religious-groups-in-schools
106A,democrat,religious-groups-in-schools
107A,republican,religious-groups-in-schools
109A,democrat,religious-groups-in-schools
110A,republican,religious-groups-in-schools
111A,republican,religious-groups-in-schools
114A,democrat,religious-groups-in-schools
115A,republican,religious-groups-in-schools
116A,republican,religious-groups-in-schools
117A,republican,religious-groups-in-schools
118A,republican,religious-groups-in-schools
119A,republican,religious-groups-in-schools
121A,democrat,religious-groups-in-schools
122A,republican,religious-groups-in-schools
126A,republican,religious-groups-in-schools
127A,republican,religious-groups-in-schools
128A,democrat,religious-groups-in-schools
129A,republican,religious-groups-in-schools
137A,republican,religious-groups-in-schools
142A,republican,religious-groups-in-schools
143A,republican,religious-groups-in-schools
144A,republican,religious-groups-in-schools
145A,republican,religious-groups-in-schools
147A,republican,religious-groups-in-schools
148A,democrat,religious-groups-in-schools
149A,democrat,religious-groups-in-schools
150A,democrat,religious-groups-in-schools
151A,democrat,religious-groups-in-schools
152A,republican,religious-groups-in-schools
154A,democrat,religious-groups-in-schools
156A,republican,religious-groups-in-schools
157A,republican,religious-groups-in-schools
158A,republican,religious-groups-in-schools
159A,republican,religious-groups-in-schools
160A,republican,religious-groups-in-schools
161A,democrat,religious-groups-in-schools
162A,republican,religious-groups-in-schools
163A,democrat,religious-groups-in-schools
165A,republican,religious-groups-in-schools
166A,republican,religious-groups-in-schools
167A,democrat,religious-groups-in-schools
169A,democrat,religious-groups-in-schools
171A,republican,religious-groups-in-schools
173A,republican,religious-groups-in-schools
175A,republican,religious-groups-in-schools
179A,republican,religious-groups-in-schools
180A,republican,religious-groups-in-schools
183A,republican,religious-groups-in-schools
184A,republican,religious-groups-in-schools
185A,republican,religious-groups-in-schools
186A,republican,religious-groups-in-schools
187A,democrat,religious-groups-in-schools
188A,republican,religious-groups-in-schools
189A,republican,religious-groups-in-schools
191A,republican,religious-groups-in-schools
192A,republican,religious-groups-in-schools
193A,democrat,religious-groups-in-schools
194A,democrat,religious-groups-in-schools
195A,republican,religious-groups-in-schools
196A,republican,religious-groups-in-schools
197A,democrat,religious-groups-in-schools
198A,democrat,religious-groups-in-schools
199A,republican,religious-groups-in-schools
200A,republican,religious-groups-in-schools
201A,democrat,religious-groups-in-schools
202A,republican,religious-groups-in-schools
203A,republican,religious-groups-in-schools
204A,democrat,religious-groups-in-schools
205A,democrat,religious-groups-in-schools
206A,democrat,religious-groups-in-schools
208A,republican,religious-groups-in-schools
209A,democrat,religious-groups-in-schools
210A,democrat,religious-groups-in-schools
211A,republican,religious-groups-in-schools
212A,republican,religious-groups-in-schools
213A,republican,religious-groups-in-schools
214A,democrat,religious-groups-in-schools
215A,democrat,religious-groups-in-schools
216A,republican,religious-groups-in-schools
217A,republican,religious-groups-in-schools
218A,democrat,religious-groups-in-schools
219A,republican,religious-groups-in-schools
221A,republican,religious-groups-in-schools
225A,republican,religious-groups-in-schools
226A,democrat,religious-groups-in-schools
227A,democrat,religious-groups-in-schools
228A,democrat,religious-groups-in-schools
230A,republican,religious-groups-in-schools
231A,republican,religious-groups-in-schools
3A,democrat,anti-satellite-test-ban
4A,democrat,anti-satellite-test-ban
5A,democrat,anti-satellite-test-ban
6A,democrat,anti-satellite-test-ban
7A,democrat,anti-satellite-test-ban
8A,republican,anti-satellite-test-ban
9A,democrat,anti-satellite-test-ban
11A,democrat,anti-satellite-test-ban
13A,democrat,anti-satellite-test-ban
17A,democrat,anti-satellite-test-ban
18A,democrat,anti-satellite-test-ban
19A,democrat,anti-satellite-test-ban
20A,democrat,anti-satellite-test-ban
21A,democrat,anti-satellite-test-ban
22A,democrat,anti-satellite-test-ban
29A,democrat,anti-satellite-test-ban
30A,republican,anti-satellite-test-ban
31A,republican,anti-satellite-test-ban
33A,democrat,anti-satellite-test-ban
34A,republican,anti-satellite-test-ban
35A,republican,anti-satellite-test-ban
36A,democrat,anti-satellite-test-ban
46A,democrat,anti-satellite-test-ban
47A,democrat,anti-satellite-test-ban
48A,democrat,anti-satellite-test-ban
49A,democrat,anti-satellite-test-ban
51A,democrat,anti-satellite-test-ban
52A,democrat,anti-satellite-test-ban
54A,democrat,anti-satellite-test-ban
57A,democrat,anti-satellite-test-ban
58A,democrat,anti-satellite-test-ban
59A,republican,anti-satellite-test-ban
67A,democrat,anti-satellite-test-ban
68A,democrat,anti-satellite-test-ban
69A,republican,anti-satellite-test-ban
70A,republican,anti-satellite-test-ban
72A,democrat,anti-satellite-test-ban
74A,democrat,anti-satellite-test-ban
77A,democrat,anti-satellite-test-ban
79A,republican,anti-satellite-test-ban
82A,democrat,anti-satellite-test-ban
83A,democrat,anti-satellite-test-ban
84A,republican,anti-satellite-test-ban
85A,republican,anti-satellite-test-ban
86A,republican,anti-satellite-test-ban
87A,democrat,anti-satellite-test-ban
89A,democrat,anti-satellite-test-ban
90A,republican,anti-satellite-test-ban
91A,democrat,anti-satellite-test-ban
92A,democrat,anti-satellite-test-ban
93A,democrat,anti-satellite-test-ban
94A,democrat,anti-satellite-test-ban
95A,democrat,anti-satellite-test-ban
96A,democrat,anti-satellite-test-ban
97A,democrat,anti-satellite-test-ban
98A,democrat,anti-satellite-test-ban
99A,democrat,anti-satellite-test-ban
100A,democrat,anti-satellite-test-ban
101A,democrat,anti-satellite-test-ban
102A,republican,anti-satellite-test-ban
103A,democrat,anti-satellite-test-ban
105A,democrat,anti-satellite-test-ban
106A,democrat,anti-satellite-test-ban
108A,democrat,anti-satellite-test-ban
114A,democrat,anti-satellite-test-ban
115A,republican,anti-satellite-test-ban
120A,democrat,anti-satellite-test-ban
121A,democrat,anti-satellite-test-ban
122A,republican,anti-satellite-test-ban
123A,democrat,anti-satellite-test-ban
125A,democrat,anti-satellite-test-ban
128A,democrat,anti-satellite-test-ban
130A,democrat,anti-satellite-test-ban
131A,democrat,anti-satellite-test-ban
133A,democrat,anti-satellite-test-ban
134A,democrat,anti-satellite-test-ban
135A,democrat,anti-satellite-test-ban
136A,democrat,anti-satellite-test-ban
138A,republican,anti-satellite-test-ban
139A,democrat,anti-satellite-test-ban
140A,democrat,anti-satellite-test-ban
141A,republican,anti-satellite-test-ban
143A,republican,anti-satellite-test-ban
146A,democrat,anti-satellite-test-ban
148A,democrat,anti-satellite-test-ban
150A,democrat,anti-satellite-test-ban
151A,democrat,anti-satellite-test-ban
153A,democrat,anti-satellite-test-ban
154A,democrat,anti-satellite-test-ban
155A,republican,anti-satellite-test-ban
156A,republican,anti-satellite-test-ban
161A,democrat,anti-satellite-test-ban
163A,democrat,anti-satellite-test-ban
164A,democrat,anti-satellite-test-ban
166A,republican,anti-satellite-test-ban
168A,democrat,anti-satellite-test-ban
170A,democrat,anti-satellite-test-ban
172A,democrat,anti-satellite-test-ban
174A,democrat,anti-satellite-test-ban
176A,democrat,anti-satellite-test-ban
177A,democrat,anti-satellite-test-ban
178A,democrat,anti-satellite-test-ban
181A,republican,anti-satellite-test-ban
182A,democrat,anti-satellite-test-ban
183A,republican,anti-satellite-test-ban
186A,republican,anti-satellite-test-ban
187A,democrat,anti-satellite-test-ban
188A,republican,anti-satellite-test-ban
189A,republican,anti-satellite-test-ban
193A,democrat,anti-satellite-test-ban
194A,democrat,anti-satellite-test-ban
198A,democrat,anti-satellite-test-ban
218A,democrat,anti-satellite-test-ban
220A,democrat,anti-satellite-test-ban
222A,democrat,anti-satellite-test-ban
223A,democrat,anti-satellite-test-ban
224A,democrat,anti-satellite-test-ban
225A,republican,anti-satellite-test-ban
226A,democrat,anti-satellite-test-ban
227A,democrat,anti-satellite-test-ban
228A,democrat,anti-satellite-test-ban
229A,democrat,anti-satellite-test-ban
230A,republican,anti-satellite-test-ban
232A,democrat,anti-satellite-test-ban
3A,democrat,aid-to-nicaraguan-contras
4A,democrat,aid-to-nicaraguan-contras
5A,democrat,aid-to-nicaraguan-contras
6A,democrat,aid-to-nicaraguan-contras
7A,democrat,aid-to-nicaraguan-contras
8A,republican,aid-to-nicaraguan-contras
9A,democrat,aid-to-nicaraguan-contras
11A,democrat,aid-to-nicaraguan-contras
13A,democrat,aid-to-nicaraguan-contras
17A,democrat,aid-to-nicaraguan-contras
18A,democrat,aid-to-nicaraguan-contras
19A,democrat,aid-to-nicaraguan-contras
20A,democrat,aid-to-nicaraguan-contras
21A,democrat,aid-to-nicaraguan-contras
22A,democrat,aid-to-nicaraguan-contras
29A,democrat,aid-to-nicaraguan-contras
33A,democrat,aid-to-nicaraguan-contras
34A,republican,aid-to-nicaraguan-contras
36A,democrat,aid-to-nicaraguan-contras
38A,democrat,aid-to-nicaraguan-contras
47A,democrat,aid-to-nicaraguan-contras
48A,democrat,aid-to-nicaraguan-contras
52A,democrat,aid-to-nicaraguan-contras
55A,democrat,aid-to-nicaraguan-contras
57A,democrat,aid-to-nicaraguan-contras
58A,democrat,aid-to-nicaraguan-contras
60A,democrat,aid-to-nicaraguan-contras
63A,democrat,aid-to-nicaraguan-contras
67A,democrat,aid-to-nicaraguan-contras
68A,democrat,aid-to-nicaraguan-contras
69A,republican,aid-to-nicaraguan-contras
70A,republican,aid-to-nicaraguan-contras
72A,democrat,aid-to-nicaraguan-contras
74A,democrat,aid-to-nicaraguan-contras
76A,democrat,aid-to-nicaraguan-contras
77A,democrat,aid-to-nicaraguan-contras
85A,republican,aid-to-nicaraguan-contras
86A,republican,aid-to-nicaraguan-contras
87A,democrat,aid-to-nicaraguan-contras
89A,democrat,aid-to-nicaraguan-contras
90A,republican,aid-to-nicaraguan-contras
91A,democrat,aid-to-nicaraguan-contras
92A,democrat,aid-to-nicaraguan-contras
93A,democrat,aid-to-nicaraguan-contras
94A,democrat,aid-to-nicaraguan-contras
95A,democrat,aid-to-nicaraguan-contras
96A,democrat,aid-to-nicaraguan-contras
97A,democrat,aid-to-nicaraguan-contras
98A,democrat,aid-to-nicaraguan-contras
99A,democrat,aid-to-nicaraguan-contras
100A,democrat,aid-to-nicaraguan-contras
101A,democrat,aid-to-nicaraguan-contras
103A,democrat,aid-to-nicaraguan-contras
105A,democrat,aid-to-nicaraguan-contras
106A,democrat,aid-to-nicaraguan-contras
108A,democrat,aid-to-nicaraguan-contras
109A,democrat,aid-to-nicaraguan-contras
112A,democrat,aid-to-nicaraguan-contras
114A,democrat,aid-to-nicaraguan-contras
120A,democrat,aid-to-nicaraguan-contras
121A,democrat,aid-to-nicaraguan-contras
123A,democrat,aid-to-nicaraguan-contras
124A,democrat,aid-to-nicaraguan-contras
125A,democrat,aid-to-nicaraguan-contras
128A,democrat,aid-to-nicaraguan-contras
130A,democrat,aid-to-nicaraguan-contras
131A,democrat,aid-to-nicaraguan-contras
133A,democrat,aid-to-nicaraguan-contras
134A,democrat,aid-to-nicaraguan-contras
135A,democrat,aid-to-nicaraguan-contras
136A,democrat,aid-to-nicaraguan-contras
138A,republican,aid-to-nicaraguan-contras
139A,democrat,aid-to-nicaraguan-contras
140A,democrat,aid-to-nicaraguan-contras
143A,republican,aid-to-nicaraguan-contras
146A,democrat,aid-to-nicaraguan-contras
148A,democrat,aid-to-nicaraguan-contras
149A,democrat,aid-to-nicaraguan-contras
150A,democrat,aid-to-nicaraguan-contras
151A,democrat,aid-to-nicaraguan-contras
153A,democrat,aid-to-nicaraguan-contras
154A,democrat,aid-to-nicaraguan-contras
155A,republican,aid-to-nicaraguan-contras
161A,democrat,aid-to-nicaraguan-contras
163A,democrat,aid-to-nicaraguan-contras
164A,democrat,aid-to-nicaraguan-contras
166A,republican,aid-to-nicaraguan-contras
167A,democrat,aid-to-nicaraguan-contras
168A,democrat,aid-to-nicaraguan-contras
169A,democrat,aid-to-nicaraguan-contras
170A,democrat,aid-to-nicaraguan-contras
172A,democrat,aid-to-nicaraguan-contras
174A,democrat,aid-to-nicaraguan-contras
176A,democrat,aid-to-nicaraguan-contras
177A,democrat,aid-to-nicaraguan-contras
178A,democrat,aid-to-nicaraguan-contras
182A,democrat,aid-to-nicaraguan-contras
186A,republican,aid-to-nicaraguan-contras
188A,republican,aid-to-nicaraguan-contras
190A,republican,aid-to-nicaraguan-contras
193A,democrat,aid-to-nicaraguan-contras
194A,democrat,aid-to-nicaraguan-contras
198A,democrat,aid-to-nicaraguan-contras
204A,democrat,aid-to-nicaraguan-contras
207A,democrat,aid-to-nicaraguan-contras
209A,democrat,aid-to-nicaraguan-contras
210A,democrat,aid-to-nicaraguan-contras
218A,democrat,aid-to-nicaraguan-contras
220A,democrat,aid-to-nicaraguan-contras
222A,democrat,aid-to-nicaraguan-contras
223A,democrat,aid-to-nicaraguan-contras
224A,democrat,aid-to-nicaraguan-contras
225A,republican,aid-to-nicaraguan-contras
226A,democrat,aid-to-nicaraguan-contras
227A,democrat,aid-to-nicaraguan-contras
228A,democrat,aid-to-nicaraguan-contras
229A,democrat,aid-to-nicaraguan-contras
230A,republican,aid-to-nicaraguan-contras
232A,democrat,aid-to-nicaraguan-contras
3A,democrat,mx-missile
4A,democrat,mx-missile
5A,democrat,mx-missile
6A,democrat,mx-missile
7A,democrat,mx-missile
8A,republican,mx-missile
9A,democrat,mx-missile
11A,democrat,mx-missile
13A,democrat,mx-missile
17A,democrat,mx-missile
18A,democrat,mx-missile
19A,democrat,mx-missile
20A,democrat,mx-missile
22A,democrat,mx-missile
29A,democrat,mx-missile
33A,democrat,mx-missile
34A,republican,mx-missile
35A,republican,mx-missile
36A,democrat,mx-missile
38A,democrat,mx-missile
46A,democrat,mx-missile
47A,democrat,mx-missile
48A,democrat,mx-missile
49A,democrat,mx-missile
52A,democrat,mx-missile
55A,democrat,mx-missile
57A,democrat,mx-missile
58A,democrat,mx-missile
60A,democrat,mx-missile
63A,democrat,mx-missile
67A,democrat,mx-missile
68A,democrat,mx-missile
69A,republican,mx-missile
70A,republican,mx-missile
72A,democrat,mx-missile
74A,democrat,mx-missile
76A,democrat,mx-missile
77A,democrat,mx-missile
87A,democrat,mx-missile
89A,democrat,mx-missile
90A,republican,mx-missile
91A,democrat,mx-missile
92A,democrat,mx-missile
93A,democrat,mx-missile
94A,democrat,mx-missile
95A,democrat,mx-missile
96A,democrat,mx-missile
97A,democrat,mx-missile
98A,democrat,mx-missile
99A,democrat,mx-missile
100A,democrat,mx-missile
101A,democrat,mx-missile
103A,democrat,mx-missile
105A,democrat,mx-missile
106A,democrat,mx-missile
108A,democrat,mx-missile
109A,democrat,mx-missile
112A,democrat,mx-missile
114A,democrat,mx-missile
115A,republican,mx-missile
117A,republican,mx-missile
120A,democrat,mx-missile
123A,democrat,mx-missile
124A,democrat,mx-missile
125A,democrat,mx-missile
128A,democrat,mx-missile
130A,democrat,mx-missile
131A,democrat,mx-missile
133A,democrat,mx-missile
134A,democrat,mx-missile
135A,democrat,mx-missile
136A,democrat,mx-missile
138A,republican,mx-missile
139A,democrat,mx-missile
140A,democrat,mx-missile
146A,democrat,mx-missile
148A,democrat,mx-missile
151A,democrat,mx-missile
153A,democrat,mx-missile
154A,democrat,mx-missile
155A,republican,mx-missile
161A,democrat,mx-missile
163A,democrat,mx-missile
164A,democrat,mx-missile
167A,democrat,mx-missile
168A,democrat,mx-missile
169A,democrat,mx-missile
170A,democrat,mx-missile
172A,democrat,mx-missile
174A,democrat,mx-missile
176A,democrat,mx-missile
177A,democrat,mx-missile
178A,democrat,mx-missile
181A,republican,mx-missile
182A,democrat,mx-missile
186A,republican,mx-missile
187A,democrat,mx-missile
188A,republican,mx-missile
190A,republican,mx-missile
193A,democrat,mx-missile
194A,democrat,mx-missile
204A,democrat,mx-missile
207A,democrat,mx-missile
214A,democrat,mx-missile
218A,democrat,mx-missile
220A,democrat,mx-missile
222A,democrat,mx-missile
224A,democrat,mx-missile
227A,democrat,mx-missile
228A,democrat,mx-missile
229A,democrat,mx-missile
231A,republican,mx-missile
232A,democrat,mx-missile
5A,democrat,immigration
11A,democrat,immigration
16A,republican,immigration
17A,democrat,immigration
23A,republican,immigration
24A,republican,immigration
25A,republican,immigration
26A,republican,immigration
27A,republican,immigration
32A,republican,immigration
34A,republican,immigration
35A,republican,immigration
36A,democrat,immigration
37A,democrat,immigration
38A,democrat,immigration
39A,democrat,immigration
40A,republican,immigration
41A,republican,immigration
43A,democrat,immigration
44A,republican,immigration
46A,democrat,immigration
47A,democrat,immigration
48A,democrat,immigration
49A,democrat,immigration
51A,democrat,immigration
52A,democrat,immigration
57A,democrat,immigration
60A,democrat,immigration
62A,republican,immigration
63A,democrat,immigration
64A,republican,immigration
65A,republican,immigration
66A,republican,immigration
67A,democrat,immigration
69A,republican,immigration
70A,republican,immigration
72A,democrat,immigration
73A,republican,immigration
74A,democrat,immigration
75A,republican,immigration
76A,democrat,immigration
77A,democrat,immigration
80A,republican,immigration
85A,republican,immigration
86A,republican,immigration
87A,democrat,immigration
88A,democrat,immigration
89A,democrat,immigration
90A,republican,immigration
91A,democrat,immigration
92A,democrat,immigration
93A,democrat,immigration
94A,democrat,immigration
100A,democrat,immigration
101A,democrat,immigration
103A,democrat,immigration
104A,republican,immigration
105A,democrat,immigration
107A,republican,immigration
110A,republican,immigration
111A,republican,immigration
115A,republican,immigration
117A,republican,immigration
118A,republican,immigration
119A,republican,immigration
122A,republican,immigration
123A,democrat,immigration
124A,democrat,immigration
125A,democrat,immigration
130A,democrat,immigration
131A,democrat,immigration
135A,democrat,immigration
136A,democrat,immigration
137A,republican,immigration
138A,republican,immigration
141A,republican,immigration
143A,republican,immigration
145A,republican,immigration
146A,democrat,immigration
148A,democrat,immigration
149A,democrat,immigration
150A,democrat,immigration
151A,democrat,immigration
152A,republican,immigration
153A,democrat,immigration
154A,democrat,immigration
155A,republican,immigration
156A,republican,immigration
158A,republican,immigration
160A,republican,immigration
161A,democrat,immigration
162A,republican,immigration
163A,democrat,immigration
164A,democrat,immigration
165A,republican,immigration
168A,democrat,immigration
169A,democrat,immigration
170A,democrat,immigration
175A,republican,immigration
178A,democrat,immigration
180A,republican,immigration
181A,republican,immigration
182A,democrat,immigration
183A,republican,immigration
184A,republican,immigration
185A,republican,immigration
188A,republican,immigration
189A,republican,immigration
190A,republican,immigration
193A,democrat,immigration
194A,democrat,immigration
195A,republican,immigration
197A,democrat,immigration
198A,democrat,immigration
204A,democrat,immigration
211A,republican,immigration
212A,republican,immigration
214A,democrat,immigration
218A,democrat,immigration
219A,republican,immigration
221A,republican,immigration
222A,democrat,immigration
223A,democrat,immigration
225A,republican,immigration
229A,democrat,immigration
230A,republican,immigration
231A,republican,immigration
232A,democrat,immigration
3A,democrat,synfuels-corporation-cutback
6A,democrat,synfuels-corporation-cutback
7A,democrat,synfuels-corporation-cutback
9A,democrat,synfuels-corporation-cutback
17A,democrat,synfuels-corporation-cutback
22A,democrat,synfuels-corporation-cutback
24A,republican,synfuels-corporation-cutback
25A,republican,synfuels-corporation-cutback
29A,democrat,synfuels-corporation-cutback
31A,republican,synfuels-corporation-cutback
34A,republican,synfuels-corporation-cutback
36A,democrat,synfuels-corporation-cutback
37A,democrat,synfuels-corporation-cutback
38A,democrat,synfuels-corporation-cutback
39A,democrat,synfuels-corporation-cutback
43A,democrat,synfuels-corporation-cutback
46A,democrat,synfuels-corporation-cutback
48A,democrat,synfuels-corporation-cutback
49A,democrat,synfuels-corporation-cutback
51A,democrat,synfuels-corporation-cutback
53A,democrat,synfuels-corporation-cutback
54A,democrat,synfuels-corporation-cutback
55A,democrat,synfuels-corporation-cutback
58A,democrat,synfuels-corporation-cutback
60A,democrat,synfuels-corporation-cutback
66A,republican,synfuels-corporation-cutback
73A,republican,synfuels-corporation-cutback
76A,democrat,synfuels-corporation-cutback
77A,democrat,synfuels-corporation-cutback
83A,democrat,synfuels-corporation-cutback
86A,republican,synfuels-corporation-cutback
87A,democrat,synfuels-corporation-cutback
88A,democrat,synfuels-corporation-cutback
92A,democrat,synfuels-corporation-cutback
93A,democrat,synfuels-corporation-cutback
94A,democrat,synfuels-corporation-cutback
96A,democrat,synfuels-corporation-cutback
100A,democrat,synfuels-corporation-cutback
105A,democrat,synfuels-corporation-cutback
108A,democrat,synfuels-corporation-cutback
109A,democrat,synfuels-corporation-cutback
112A,democrat,synfuels-corporation-cutback
114A,democrat,synfuels-corporation-cutback
123A,democrat,synfuels-corporation-cutback
125A,democrat,synfuels-corporation-cutback
133A,democrat,synfuels-corporation-cutback
148A,democrat,synfuels-corporation-cutback
149A,democrat,synfuels-corporation-cutback
150A,democrat,synfuels-corporation-cutback
151A,democrat,synfuels-corporation-cutback
153A,democrat,synfuels-corporation-cutback
166A,republican,synfuels-corporation-cutback
167A,democrat,synfuels-corporation-cutback
171A,republican,synfuels-corporation-cutback
172A,democrat,synfuels-corporation-cutback
174A,democrat,synfuels-corporation-cutback
179A,republican,synfuels-corporation-cutback
180A,republican,synfuels-corporation-cutback
182A,democrat,synfuels-corporation-cutback
187A,democrat,synfuels-corporation-cutback
189A,republican,synfuels-corporation-cutback
194A,democrat,synfuels-corporation-cutback
195A,republican,synfuels-corporation-cutback
196A,republican,synfuels-corporation-cutback
197A,democrat,synfuels-corporation-cutback
201A,democrat,synfuels-corporation-cutback
204A,democrat,synfuels-corporation-cutback
205A,democrat,synfuels-corporation-cutback
206A,democrat,synfuels-corporation-cutback
207A,democrat,synfuels-corporation-cutback
208A,republican,synfuels-corporation-cutback
209A,democrat,synfuels-corporation-cutback
211A,republican,synfuels-corporation-cutback
215A,democrat,synfuels-corporation-cutback
217A,republican,synfuels-corporation-cutback
218A,democrat,synfuels-corporation-cutback
222A,democrat,synfuels-corporation-cutback
226A,democrat,synfuels-corporation-cutback
227A,democrat,synfuels-corporation-cutback
228A,democrat,synfuels-corporation-cutback
2A,republican,education-spending
8A,republican,education-spending
10A,republican,education-spending
12A,republican,education-spending
14A,republican,education-spending
16A,republican,education-spending
23A,republican,education-spending
24A,republican,education-spending
25A,republican,education-spending
26A,republican,education-spending
27A,republican,education-spending
28A,republican,education-spending
30A,republican,education-spending
31A,republican,education-spending
32A,republican,education-spending
38A,democrat,education-spending
40A,republican,education-spending
41A,republican,education-spending
42A,republican,education-spending
43A,democrat,education-spending
44A,republican,education-spending
45A,republican,education-spending
53A,democrat,education-spending
56A,republican,education-spending
59A,republican,education-spending
61A,republican,education-spending
62A,republican,education-spending
64A,republican,education-spending
65A,republican,education-spending
66A,republican,education-spending
70A,republican,education-spending
71A,republican,education-spending
72A,democrat,education-spending
73A,republican,education-spending
75A,republican,education-spending
78A,republican,education-spending
79A,republican,education-spending
80A,republican,education-spending
81A,democrat,education-spending
82A,democrat,education-spending
83A,democrat,education-spending
84A,republican,education-spending
85A,republican,education-spending
86A,republican,education-spending
88A,democrat,education-spending
102A,republican,education-spending
103A,democrat,education-spending
104A,republican,education-spending
107A,republican,education-spending
110A,republican,education-spending
111A,republican,education-spending
113A,republican,education-spending
115A,republican,education-spending
116A,republican,education-spending
117A,republican,education-spending
118A,republican,education-spending
119A,republican,education-spending
121A,democrat,education-spending
126A,republican,education-spending
127A,republican,education-spending
129A,republican,education-spending
132A,republican,education-spending
137A,republican,education-spending
142A,republican,education-spending
144A,republican,education-spending
145A,republican,education-spending
147A,republican,education-spending
152A,republican,education-spending
155A,republican,education-spending
156A,republican,education-spending
157A,republican,education-spending
158A,republican,education-spending
159A,republican,education-spending
160A,republican,education-spending
162A,republican,education-spending
165A,republican,education-spending
166A,republican,education-spending
167A,democrat,education-spending
171A,republican,education-spending
173A,republican,education-spending
175A,republican,education-spending
179A,republican,education-spending
180A,republican,education-spending
183A,republican,education-spending
184A,republican,education-spending
185A,republican,education-spending
186A,republican,education-spending
188A,republican,education-spending
189A,republican,education-spending
191A,republican,education-spending
192A,republican,education-spending
194A,democrat,education-spending
200A,republican,education-spending
201A,democrat,education-spending
202A,republican,education-spending
203A,republican,education-spending
205A,democrat,education-spending
206A,democrat,education-spending
208A,republican,education-spending
211A,republican,education-spending
212A,republican,education-spending
213A,republican,education-spending
215A,democrat,education-spending
216A,republican,education-spending
217A,republican,education-spending
219A,republican,education-spending
230A,republican,education-spending
231A,republican,education-spending
1A,democrat,superfund-right-to-sue
2A,republican,superfund-right-to-sue
8A,republican,superfund-right-to-sue
10A,republican,superfund-right-to-sue
11A,democrat,superfund-right-to-sue
12A,republican,superfund-right-to-sue
14A,republican,superfund-right-to-sue
15A,republican,superfund-right-to-sue
16A,republican,superfund-right-to-sue
17A,democrat,superfund-right-to-sue
23A,republican,superfund-right-to-sue
24A,republican,superfund-right-to-sue
25A,republican,superfund-right-to-sue
26A,republican,superfund-right-to-sue
27A,republican,superfund-right-to-sue
28A,republican,superfund-right-to-sue
30A,republican,superfund-right-to-sue
31A,republican,superfund-right-to-sue
32A,republican,superfund-right-to-sue
35A,republican,superfund-right-to-sue
37A,democrat,superfund-right-to-sue
38A,democrat,superfund-right-to-sue
39A,democrat,superfund-right-to-sue
40A,republican,superfund-right-to-sue
41A,republican,superfund-right-to-sue
42A,republican,superfund-right-to-sue
43A,democrat,superfund-right-to-sue
44A,republican,superfund-right-to-sue
45A,republican,superfund-right-to-sue
46A,democrat,superfund-right-to-sue
56A,republican,superfund-right-to-sue
59A,republican,superfund-right-to-sue
61A,republican,superfund-right-to-sue
64A,republican,superfund-right-to-sue
65A,republican,superfund-right-to-sue
66A,republican,superfund-right-to-sue
69A,republican,superfund-right-to-sue
70A,republican,superfund-right-to-sue
71A,republican,superfund-right-to-sue
72A,democrat,superfund-right-to-sue
73A,republican,superfund-right-to-sue
74A,democrat,superfund-right-to-sue
75A,republican,superfund-right-to-sue
76A,democrat,superfund-right-to-sue
77A,democrat,superfund-right-to-sue
78A,republican,superfund-right-to-sue
79A,republican,superfund-right-to-sue
80A,republican,superfund-right-to-sue
81A,democrat,superfund-right-to-sue
82A,democrat,superfund-right-to-sue
83A,democrat,superfund-right-to-sue
84A,republican,superfund-right-to-sue
88A,democrat,superfund-right-to-sue
102A,republican,superfund-right-to-sue
107A,republican,superfund-right-to-sue
109A,democrat,superfund-right-to-sue
110A,republican,superfund-right-to-sue
111A,republican,superfund-right-to-sue
113A,republican,superfund-right-to-sue
115A,republican,superfund-right-to-sue
116A,republican,superfund-right-to-sue
117A,republican,superfund-right-to-sue
118A,republican,superfund-right-to-sue
121A,democrat,superfund-right-to-sue
126A,republican,superfund-right-to-sue
127A,republican,superfund-right-to-sue
129A,republican,superfund-right-to-sue
142A,republican,superfund-right-to-sue
144A,republican,superfund-right-to-sue
145A,republican,superfund-right-to-sue
147A,republican,superfund-right-to-sue
149A,democrat,superfund-right-to-sue
150A,democrat,superfund-right-to-sue
151A,democrat,superfund-right-to-sue
152A,republican,superfund-right-to-sue
154A,democrat,superfund-right-to-sue
155A,republican,superfund-right-to-sue
156A,republican,superfund-right-to-sue
157A,republican,superfund-right-to-sue
158A,republican,superfund-right-to-sue
159A,republican,superfund-right-to-sue
160A,republican,superfund-right-to-sue
162A,republican,superfund-right-to-sue
163A,democrat,superfund-right-to-sue
165A,republican,superfund-right-to-sue
166A,republican,superfund-right-to-sue
167A,democrat,superfund-right-to-sue
169A,democrat,superfund-right-to-sue
170A,democrat,superfund-right-to-sue
171A,republican,superfund-right-to-sue
173A,republican,superfund-right-to-sue
175A,republican,superfund-right-to-sue
179A,republican,superfund-right-to-sue
184A,republican,superfund-right-to-sue
185A,republican,superfund-right-to-sue
186A,republican,superfund-right-to-sue
188A,republican,superfund-right-to-sue
189A,republican,superfund-right-to-sue
191A,republican,superfund-right-to-sue
192A,republican,superfund-right-to-sue
193A,democrat,superfund-right-to-sue
194A,democrat,superfund-right-to-sue
195A,republican,superfund-right-to-sue
196A,republican,superfund-right-to-sue
197A,democrat,superfund-right-to-sue
199A,republican,superfund-right-to-sue
200A,republican,superfund-right-to-sue
202A,republican,superfund-right-to-sue
203A,republican,superfund-right-to-sue
205A,democrat,superfund-right-to-sue
206A,democrat,superfund-right-to-sue
208A,republican,superfund-right-to-sue
209A,democrat,superfund-right-to-sue
211A,republican,superfund-right-to-sue
212A,republican,superfund-right-to-sue
213A,republican,superfund-right-to-sue
214A,democrat,superfund-right-to-sue
215A,democrat,superfund-right-to-sue
216A,republican,superfund-right-to-sue
217A,republican,superfund-right-to-sue
219A,republican,superfund-right-to-sue
221A,republican,superfund-right-to-sue
222A,democrat,superfund-right-to-sue
225A,republican,superfund-right-to-sue
226A,democrat,superfund-right-to-sue
230A,republican,superfund-right-to-sue
231A,republican,superfund-right-to-sue
1A,democrat,crime
2A,republican,crime
8A,republican,crime
10A,republican,crime
12A,republican,crime
14A,republican,crime
15A,republican,crime
16A,republican,crime
21A,democrat,crime
23A,republican,crime
24A,republican,crime
25A,republican,crime
26A,republican,crime
27A,republican,crime
28A,republican,crime
30A,republican,crime
31A,republican,crime
32A,republican,crime
34A,republican,crime
35A,republican,crime
36A,democrat,crime
37A,democrat,crime
38A,democrat,crime
39A,democrat,crime
40A,republican,crime
41A,republican,crime
42A,republican,crime
43A,democrat,crime
44A,republican,crime
45A,republican,crime
46A,democrat,crime
51A,democrat,crime
53A,democrat,crime
54A,democrat,crime
56A,republican,crime
59A,republican,crime
61A,republican,crime
62A,republican,crime
63A,democrat,crime
64A,republican,crime
65A,republican,crime
67A,democrat,crime
69A,republican,crime
70A,republican,crime
71A,republican,crime
72A,democrat,crime
73A,republican,crime
75A,republican,crime
77A,democrat,crime
78A,republican,crime
79A,republican,crime
80A,republican,crime
81A,democrat,crime
82A,democrat,crime
83A,democrat,crime
84A,republican,crime
85A,republican,crime
86A,republican,crime
87A,democrat,crime
88A,democrat,crime
90A,republican,crime
96A,democrat,crime
98A,democrat,crime
102A,republican,crime
104A,republican,crime
107A,republican,crime
110A,republican,crime
111A,republican,crime
112A,democrat,crime
113A,republican,crime
114A,democrat,crime
115A,republican,crime
116A,republican,crime
117A,republican,crime
118A,republican,crime
119A,republican,crime
122A,republican,crime
123A,democrat,crime
126A,republican,crime
127A,republican,crime
129A,republican,crime
131A,democrat,crime
132A,republican,crime
137A,republican,crime
138A,republican,crime
141A,republican,crime
142A,republican,crime
143A,republican,crime
144A,republican,crime
145A,republican,crime
146A,democrat,crime
147A,republican,crime
149A,democrat,crime
150A,democrat,crime
151A,democrat,crime
152A,republican,crime
154A,democrat,crime
155A,republican,crime
156A,republican,crime
157A,republican,crime
158A,republican,crime
159A,republican,crime
160A,republican,crime
161A,democrat,crime
162A,republican,crime
165A,republican,crime
166A,republican,crime
167A,democrat,crime
169A,democrat,crime
171A,republican,crime
172A,democrat,crime
173A,republican,crime
175A,republican,crime
178A,democrat,crime
179A,republican,crime
180A,republican,crime
181A,republican,crime
183A,republican,crime
184A,republican,crime
185A,republican,crime
186A,republican,crime
188A,republican,crime
189A,republican,crime
190A,republican,crime
191A,republican,crime
192A,republican,crime
196A,republican,crime
197A,democrat,crime
199A,republican,crime
200A,republican,crime
201A,democrat,crime
202A,republican,crime
203A,republican,crime
205A,democrat,crime
206A,democrat,crime
208A,republican,crime
211A,republican,crime
212A,republican,crime
213A,republican,crime
214A,democrat,crime
215A,democrat,crime
216A,republican,crime
217A,republican,crime
219A,republican,crime
221A,republican,crime
225A,republican,crime
228A,democrat,crime
230A,republican,crime
231A,republican,crime
1A,democrat,duty-free-exports
3A,democrat,duty-free-exports
4A,democrat,duty-free-exports
5A,democrat,duty-free-exports
6A,democrat,duty-free-exports
7A,democrat,duty-free-exports
9A,democrat,duty-free-exports
11A,democrat,duty-free-exports
13A,democrat,duty-free-exports
17A,democrat,duty-free-exports
19A,democrat,duty-free-exports
22A,democrat,duty-free-exports
33A,democrat,duty-free-exports
36A,democrat,duty-free-exports
47A,democrat,duty-free-exports
48A,democrat,duty-free-exports
49A,democrat,duty-free-exports
55A,democrat,duty-free-exports
57A,democrat,duty-free-exports
58A,democrat,duty-free-exports
60A,democrat,duty-free-exports
68A,democrat,duty-free-exports
72A,democrat,duty-free-exports
74A,democrat,duty-free-exports
76A,democrat,duty-free-exports
81A,democrat,duty-free-exports
85A,republican,duty-free-exports
86A,republican,duty-free-exports
89A,democrat,duty-free-exports
90A,republican,duty-free-exports
91A,democrat,duty-free-exports
92A,democrat,duty-free-exports
93A,democrat,duty-free-exports
94A,democrat,duty-free-exports
95A,democrat,duty-free-exports
96A,democrat,duty-free-exports
97A,democrat,duty-free-exports
98A,democrat,duty-free-exports
99A,democrat,duty-free-exports
100A,democrat,duty-free-exports
101A,democrat,duty-free-exports
106A,democrat,duty-free-exports
108A,democrat,duty-free-exports
109A,democrat,duty-free-exports
112A,democrat,duty-free-exports
114A,democrat,duty-free-exports
120A,democrat,duty-free-exports
122A,republican,duty-free-exports
123A,democrat,duty-free-exports
124A,democrat,duty-free-exports
125A,democrat,duty-free-exports
128A,democrat,duty-free-exports
131A,democrat,duty-free-exports
133A,democrat,duty-free-exports
140A,democrat,duty-free-exports
141A,republican,duty-free-exports
142A,republican,duty-free-exports
148A,democrat,duty-free-exports
149A,democrat,duty-free-exports
150A,democrat,duty-free-exports
151A,democrat,duty-free-exports
152A,republican,duty-free-exports
153A,democrat,duty-free-exports
154A,democrat,duty-free-exports
161A,democrat,duty-free-exports
162A,republican,duty-free-exports
164A,democrat,duty-free-exports
166A,republican,duty-free-exports
167A,democrat,duty-free-exports
168A,democrat,duty-free-exports
176A,democrat,duty-free-exports
177A,democrat,duty-free-exports
178A,democrat,duty-free-exports
182A,democrat,duty-free-exports
183A,republican,duty-free-exports
187A,democrat,duty-free-exports
188A,republican,duty-free-exports
190A,republican,duty-free-exports
198A,democrat,duty-free-exports
206A,democrat,duty-free-exports
207A,democrat,duty-free-exports
209A,democrat,duty-free-exports
226A,democrat,duty-free-exports
227A,democrat,duty-free-exports
228A,democrat,duty-free-exports
229A,democrat,duty-free-exports
1A,democrat,export-administration-act-south-africa
2A,republican,export-administration-act-south-africa
3A,democrat,export-administration-act-south-africa
4A,democrat,export-administration-act-south-africa
5A,democrat,export-administration-act-south-africa
6A,democrat,export-administration-act-south-africa
7A,democrat,export-administration-act-south-africa
8A,republican,export-administration-act-south-africa
9A,democrat,export-administration-act-south-africa
11A,democrat,export-administration-act-south-africa
12A,republican,export-administration-act-south-africa
13A,democrat,export-administration-act-south-africa
15A,republican,export-administration-act-south-africa
17A,democrat,export-administration-act-south-africa
18A,democrat,export-administration-act-south-africa
19A,democrat,export-administration-act-south-africa
20A,democrat,export-administration-act-south-africa
21A,democrat,export-administration-act-south-africa
22A,democrat,export-administration-act-south-africa
25A,republican,export-administration-act-south-africa
26A,republican,export-administration-act-south-africa
27A,republican,export-administration-act-south-africa
29A,democrat,export-administration-act-south-africa
30A,republican,export-administration-act-south-africa
31A,republican,export-administration-act-south-africa
33A,democrat,export-administration-act-south-africa
34A,republican,export-administration-act-south-africa
35A,republican,export-administration-act-south-africa
36A,democrat,export-administration-act-south-africa
38A,democrat,export-administration-act-south-africa
39A,democrat,export-administration-act-south-africa
41A,republican,export-administration-act-south-africa
43A,democrat,export-administration-act-south-africa
46A,democrat,export-administration-act-south-africa
47A,democrat,export-administration-act-south-africa
48A,democrat,export-administration-act-south-africa
49A,democrat,export-administration-act-south-africa
50A,democrat,export-administration-act-south-africa
51A,democrat,export-administration-act-south-africa
52A,democrat,export-administration-act-south-africa
53A,democrat,export-administration-act-south-africa
54A,democrat,export-administration-act-south-africa
55A,democrat,export-administration-act-south-africa
56A,republican,export-administration-act-south-africa
57A,democrat,export-administration-act-south-africa
58A,democrat,export-administration-act-south-africa
59A,republican,export-administration-act-south-africa
60A,democrat,export-administration-act-south-africa
62A,republican,export-administration-act-south-africa
63A,democrat,export-administration-act-south-africa
64A,republican,export-administration-act-south-africa
66A,republican,export-administration-act-south-africa
67A,democrat,export-administration-act-south-africa
68A,democrat,export-administration-act-south-africa
69A,republican,export-administration-act-south-africa
70A,republican,export-administration-act-south-africa
71A,republican,export-administration-act-south-africa
72A,democrat,export-administration-act-south-africa
73A,republican,export-administration-act-south-africa
74A,democrat,export-administration-act-south-africa
75A,republican,export-administration-act-south-africa
76A,democrat,export-administration-act-south-africa
77A,democrat,export-administration-act-south-africa
81A,democrat,export-administration-act-south-africa
82A,democrat,export-administration-act-south-africa
83A,democrat,export-administration-act-south-africa
84A,republican,export-administration-act-south-africa
85A,republican,export-administration-act-south-africa
86A,republican,export-administration-act-south-africa
87A,democrat,export-administration-act-south-africa
88A,democrat,export-administration-act-south-africa
89A,democrat,export-administration-act-south-africa
90A,republican,export-administration-act-south-africa
91A,democrat,export-administration-act-south-africa
92A,democrat,export-administration-act-south-africa
93A,democrat,export-administration-act-south-africa
94A,democrat,export-administration-act-south-africa
95A,democrat,export-administration-act-south-africa
96A,democrat,export-administration-act-south-africa
97A,democrat,export-administration-act-south-africa
98A,democrat,export-administration-act-south-africa
99A,democrat,export-administration-act-south-africa
100A,democrat,export-administration-act-south-africa
101A,democrat,export-administration-act-south-africa
102A,republican,export-administration-act-south-africa
103A,democrat,export-administration-act-south-africa
104A,republican,export-administration-act-south-africa
105A,democrat,export-administration-act-south-africa
106A,democrat,export-administration-act-south-africa
107A,republican,export-administration-act-south-africa
108A,democrat,export-administration-act-south-africa
109A,democrat,export-administration-act-south-africa
110A,republican,export-administration-act-south-africa
112A,democrat,export-administration-act-south-africa
113A,republican,export-administration-act-south-africa
114A,democrat,export-administration-act-south-africa
115A,republican,export-administration-act-south-africa
116A,republican,export-administration-act-south-africa
117A,republican,export-administration-act-south-africa
118A,republican,export-administration-act-south-africa
119A,republican,export-administration-act-south-africa
120A,democrat,export-administration-act-south-africa
121A,democrat,export-administration-act-south-africa
122A,republican,export-administration-act-south-africa
123A,democrat,export-administration-act-south-africa
124A,democrat,export-administration-act-south-africa
125A,democrat,export-administration-act-south-africa
128A,democrat,export-administration-act-south-africa
129A,republican,export-administration-act-south-africa
130A,democrat,export-administration-act-south-africa
131A,democrat,export-administration-act-south-africa
133A,democrat,export-administration-act-south-africa
134A,democrat,export-administration-act-south-africa
135A,democrat,export-administration-act-south-africa
136A,democrat,export-administration-act-south-africa
137A,republican,export-administration-act-south-africa
138A,republican,export-administration-act-south-africa
139A,democrat,export-administration-act-south-africa
140A,democrat,export-administration-act-south-africa
141A,republican,export-administration-act-south-africa
143A,republican,export-administration-act-south-africa
144A,republican,export-administration-act-south-africa
146A,democrat,export-administration-act-south-africa
147A,republican,export-administration-act-south-africa
148A,democrat,export-administration-act-south-africa
149A,democrat,export-administration-act-south-africa
150A,democrat,export-administration-act-south-africa
151A,democrat,export-administration-act-south-africa
152A,republican,export-administration-act-south-africa
153A,democrat,export-administration-act-south-africa
154A,democrat,export-administration-act-south-africa
155A,republican,export-administration-act-south-africa
156A,republican,export-administration-act-south-africa
161A,democrat,export-administration-act-south-africa
163A,democrat,export-administration-act-south-africa
164A,democrat,export-administration-act-south-africa
165A,republican,export-administration-act-south-africa
166A,republican,export-administration-act-south-africa
168A,democrat,export-administration-act-south-africa
169A,democrat,export-administration-act-south-africa
170A,democrat,export-administration-act-south-africa
172A,democrat,export-administration-act-south-africa
173A,republican,export-administration-act-south-africa
174A,democrat,export-administration-act-south-africa
176A,democrat,export-administration-act-south-africa
177A,democrat,export-administration-act-south-africa
178A,democrat,export-administration-act-south-africa
180A,republican,export-administration-act-south-africa
181A,republican,export-administration-act-south-africa
182A,democrat,export-administration-act-south-africa
183A,republican,export-administration-act-south-africa
184A,republican,export-administration-act-south-africa
186A,republican,export-administration-act-south-africa
187A,democrat,export-administration-act-south-africa
188A,republican,export-administration-act-south-africa
189A,republican,export-administration-act-south-africa
190A,republican,export-administration-act-south-africa
193A,democrat,export-administration-act-south-africa
194A,democrat,export-administration-act-south-africa
196A,republican,export-administration-act-south-africa
198A,democrat,export-administration-act-south-africa
199A,republican,export-administration-act-south-africa
200A,republican,export-administration-act-south-africa
202A,republican,export-administration-act-south-africa
203A,republican,export-administration-act-south-africa
204A,democrat,export-administration-act-south-africa
205A,democrat,export-administration-act-south-africa
208A,republican,export-administration-act-south-africa
209A,democrat,export-administration-act-south-africa
210A,democrat,export-administration-act-south-africa
212A,republican,export-administration-act-south-africa
213A,republican,export-administration-act-south-africa
214A,democrat,export-administration-act-south-africa
217A,republican,export-administration-act-south-africa
218A,democrat,export-administration-act-south-africa
219A,republican,export-administration-act-south-africa
220A,democrat,export-administration-act-south-africa
221A,republican,export-administration-act-south-africa
222A,democrat,export-administration-act-south-africa
223A,democrat,export-administration-act-south-africa
224A,democrat,export-administration-act-south-africa
225A,republican,export-administration-act-south-africa
226A,democrat,export-administration-act-south-africa
227A,democrat,export-administration-act-south-africa
228A,democrat,export-administration-act-south-africa
229A,democrat,export-administration-act-south-africa
230A,republican,export-administration-act-south-africa
231A,republican,export-administration-act-south-africa
232A,democrat,export-administration-act-south-africa
