Row,Name,Age,Gender,Area,Email,Mobile,Logins 4 weeks,Logins 6 months,Sales 4 weeks,Sales 6 months,Sales Total
1001,CARVER,54,female,rural,free,always,0,7,0,0,0
1002,GONZALES,88,male,urban,free,never,3,3,0,0,0
1003,MCNEIL,31,female,urban,free,always,0,7,0,0,0
1004,TATE,54,female,rural,free,never,0,0,0,0,0
1005,CARR,25,male,urban,free,never,0,0,0,0,0
1006,ARNOLD,68,female,urban,free,never,0,0,0,0,0
1007,PICKETT,27,female,urban,free,yes,0,0,0,0,0
1008,MCCLAIN,34,male,urban,free,yes,0,0,0,0,0
1009,CONLEY,29,female,urban,free,never,5,5,0,0,0
1010,BUSH,50,female,rural,free,never,0,0,0,0,0
1011,MCCRAY,64,male,rural,free,never,0,0,0,0,0
1012,OBRIEN,61,female,urban,free,never,9,12,0,91,91
1013,OLSEN,19,male,rural,free,yes,0,0,0,0,0
1014,HOLDER,58,female,urban,free,yes,8,8,0,0,0
1015,LYNCH,55,male,urban,free,yes,4,4,0,0,0
1016,SHEPHERD,30,female,rural,free,never,2,2,0,0,0
1017,BAIRD,59,female,urban,free,yes,0,7,0,0,0
1018,CALDWELL,66,male,urban,free,yes,0,0,0,0,0
1019,MCMAHON,37,female,urban,premium,never,0,2,0,0,0
1020,BRUCE,57,male,rural,free,yes,0,7,0,0,0
1021,SIMON,42,male,urban,free,never,5,5,0,0,0
1022,YANG,20,male,urban,free,never,0,5,0,0,37
1023,TERRY,21,female,urban,free,yes,2,2,0,0,0
1024,MILES,32,male,rural,free,yes,14,14,0,0,0
1025,AYERS,73,male,rural,free,never,0,0,0,0,0
1026,RIVERS,38,male,rural,premium,never,0,0,0,0,0
1027,PEREZ,22,male,urban,free,never,0,0,0,0,0
1028,POLLARD,72,male,urban,free,never,6,6,0,0,0
1029,GUTIERREZ,51,female,rural,free,yes,7,7,0,0,0
1030,MILLER,27,female,urban,premium,yes,0,0,0,0,0
1031,ELLIS,52,female,urban,free,never,0,0,0,0,0
1032,LEACH,79,female,urban,premium,yes,0,0,0,0,56
1033,MORENO,21,male,urban,free,always,0,0,0,0,0
1034,ROSALES,21,male,urban,free,never,8,8,0,0,0
1035,FRYE,86,male,urban,free,never,0,0,0,0,0
1036,CLINE,61,female,urban,free,never,0,0,0,0,107
1037,CARVER,34,male,urban,premium,yes,0,0,0,0,0
1038,CONWAY,49,male,urban,free,yes,0,0,0,0,0
1039,MEDINA,19,male,urban,free,never,0,0,0,0,0
1040,TRUJILLO,46,male,urban,premium,never,0,0,0,0,243
1041,WALKER,67,male,urban,free,yes,0,0,0,0,0
1042,MUELLER,82,female,urban,free,yes,0,0,0,0,0
1043,NASH,40,male,urban,free,never,0,0,0,0,0
1044,SHERMAN,54,female,urban,free,never,0,10,0,0,0
1045,MORTON,35,female,urban,free,never,0,0,0,0,0
1046,BIRD,67,female,rural,free,never,7,7,15,15,15
1047,GROSS,43,female,urban,free,never,0,4,0,0,0
1048,MACIAS,28,female,urban,free,never,0,0,0,0,161
1049,HOLT,65,female,urban,free,never,14,14,0,0,0
1050,MCFARLAND,83,male,urban,premium,yes,0,1,0,78,78
1051,WILLIS,76,female,urban,premium,yes,4,4,0,0,0
1052,ROSE,52,female,rural,free,never,11,11,0,0,0
1053,SCOTT,36,female,rural,free,yes,15,15,21,21,21
1054,LARSEN,43,female,urban,free,never,0,0,0,0,0
1055,ADKINS,60,male,urban,free,never,7,7,0,0,0
1056,MCCRAY,50,male,rural,free,yes,0,0,0,0,0
1057,MCGOWAN,28,male,urban,premium,never,0,0,0,0,0
1058,HOLLOWAY,28,male,urban,free,yes,11,11,0,0,0
1059,JENKINS,48,female,urban,free,yes,2,2,0,0,0
1060,WALL,26,male,urban,premium,always,6,6,0,0,0
1061,HAMPTON,30,female,rural,free,never,0,0,0,0,115
1062,BAILEY,42,female,rural,free,yes,0,0,0,0,0
1063,MOSLEY,31,male,urban,free,never,0,0,0,0,188
1064,HEWITT,78,female,urban,free,yes,0,0,0,0,0
1065,LANCASTER,49,female,urban,premium,never,4,4,0,0,18
1066,BENDER,52,female,urban,free,yes,0,0,0,0,0
1067,CABRERA,76,male,rural,free,never,0,8,0,0,0
1068,WARE,60,female,urban,free,yes,0,3,0,0,0
1069,HALE,60,female,rural,premium,never,0,0,0,0,0
1070,SELLERS,17,male,urban,free,never,0,0,0,0,0
1071,ORTIZ,74,female,urban,free,always,10,10,0,0,0
1072,WALLER,19,male,rural,free,never,10,10,0,0,0
1073,DUKE,51,male,urban,free,yes,0,5,0,0,0
1074,WALTERS,80,male,urban,free,never,0,6,0,89,89
1075,FREEMAN,75,female,urban,free,yes,0,0,0,0,0
1076,SIMMONS,29,female,rural,free,never,0,0,0,0,0
1077,BURGESS,26,male,rural,free,never,0,0,0,0,0
1078,CAMACHO,81,male,rural,premium,yes,0,0,0,0,0
1079,ROTH,20,male,rural,premium,yes,20,20,0,0,0
1080,LOTT,28,male,rural,free,never,0,0,0,0,0
1081,HAMPTON,24,female,urban,free,never,0,0,0,0,0
1082,ONEILL,84,male,urban,free,never,0,0,0,0,0
1083,SULLIVAN,18,male,rural,premium,never,14,14,0,0,0
1084,BURKS,53,female,urban,premium,yes,0,1,0,0,0
1085,MCKNIGHT,65,male,urban,free,never,0,3,0,0,0
1086,NOLAN,52,male,urban,free,never,0,0,0,0,46
1087,JENNINGS,51,male,urban,premium,never,6,6,75,75,75
1088,COOPER,86,male,urban,premium,yes,0,0,0,0,0
1089,KLEIN,54,male,urban,premium,never,0,1,0,0,0
1090,HUMPHREY,31,female,urban,premium,always,9,9,108,108,108
1091,MACDONALD,85,female,urban,free,yes,0,4,0,0,0
1092,VALENCIA,60,male,urban,premium,yes,0,7,0,0,217
1093,ELLISON,79,female,urban,free,yes,0,6,0,0,0
1094,SILVA,52,male,urban,premium,never,0,0,0,0,0
1095,KRAMER,62,female,rural,premium,yes,0,5,0,241,278
1096,MCCARTY,55,female,urban,free,never,0,0,0,0,0
1097,BRADY,69,male,urban,free,never,0,8,0,124,124
1098,HOOVER,71,male,rural,free,never,5,5,0,0,0
1099,MATHEWS,17,female,rural,premium,never,0,0,0,0,0
1100,GARDNER,45,male,urban,premium,yes,3,3,0,0,0
1101,HULL,41,female,rural,free,always,0,7,0,60,60
1102,EWING,69,male,urban,free,never,0,1,0,0,0
1103,CASEY,68,female,urban,premium,never,6,6,0,0,0
1104,CALDERON,85,female,urban,free,yes,0,0,0,0,0
1105,WEAVER,28,male,rural,premium,yes,0,0,0,0,0
1106,MORAN,21,female,urban,premium,never,0,5,0,0,0
1107,TRAVIS,37,female,urban,free,yes,0,0,0,0,0
1108,BECK,31,female,rural,premium,yes,22,22,0,0,214
1109,MYERS,31,female,urban,premium,never,0,0,0,0,0
1110,HANCOCK,38,female,urban,free,never,0,0,0,0,0
1111,DAY,32,male,urban,free,never,0,6,0,0,302
1112,SCOTT,42,female,urban,free,never,0,3,0,113,113
1113,MARTINEZ,50,male,urban,premium,never,0,5,0,0,0
1114,ESTES,59,male,urban,premium,yes,0,0,0,0,0
1115,PEREZ,59,female,urban,free,never,0,0,0,0,0
1116,CLAY,17,male,urban,free,never,0,0,0,0,0
1117,MILES,35,male,rural,free,never,0,2,0,0,0
1118,HARRINGTON,20,female,urban,premium,never,0,8,0,62,62
1119,REESE,23,male,urban,free,never,5,5,0,0,0
1120,BERGER,83,male,urban,free,never,0,2,0,0,45
1121,OWEN,43,female,urban,free,yes,0,0,0,0,0
1122,FORD,29,male,urban,free,never,0,3,0,0,0
1123,PACHECO,57,male,urban,free,never,0,0,0,0,198
1124,BURNETT,42,male,urban,premium,yes,0,0,0,0,0
1125,MCKAY,56,male,urban,free,yes,0,2,0,0,0
1126,BLAIR,28,female,urban,free,never,0,0,0,0,0
1127,SCHNEIDER,43,male,urban,premium,yes,0,0,0,0,0
1128,HUMPHREY,48,male,urban,free,never,5,5,0,0,0
1129,FULTON,36,female,urban,free,never,0,4,0,0,0
1130,AVERY,58,male,urban,premium,never,0,0,0,0,0
1131,ROBLES,55,female,urban,free,never,9,9,0,0,0
1132,FLOYD,37,female,rural,free,yes,0,3,0,207,207
1133,KNAPP,32,male,urban,free,always,2,2,134,134,134
1134,BRIGHT,38,male,rural,free,yes,0,0,0,0,0
1135,MCLEOD,36,male,urban,free,yes,0,0,0,0,0
1136,ASHLEY,31,female,urban,free,never,7,7,0,0,0
1137,CASH,67,male,urban,free,never,0,0,0,0,0
1138,HOPKINS,44,male,rural,premium,always,0,0,0,0,0
1139,COTTON,85,male,rural,free,yes,0,0,0,0,124
1140,ORTEGA,50,male,rural,free,never,8,8,0,0,0
1141,GONZALEZ,41,female,urban,free,never,0,0,0,0,22
1142,ROACH,29,female,urban,free,never,0,0,0,0,0
1143,UNDERWOOD,26,female,urban,free,always,4,4,0,0,0
1144,RICHMOND,26,female,rural,free,never,0,4,0,139,139
1145,YORK,52,male,urban,free,never,2,2,0,0,0
1146,BIRD,56,male,urban,free,never,0,2,0,0,0
1147,HARDIN,48,female,rural,free,never,0,0,0,0,0
1148,MCMILLAN,42,female,urban,premium,never,7,9,0,0,0
1149,ODONNELL,37,male,urban,free,never,0,7,0,0,0
1150,MOORE,38,female,urban,free,never,0,0,0,0,0
1151,HERMAN,47,female,urban,premium,never,0,1,0,0,0
1152,VANG,34,female,urban,premium,never,11,11,72,72,72
1153,KRAMER,18,male,urban,free,never,2,2,0,0,0
1154,CANTRELL,26,female,rural,free,never,0,0,0,0,0
1155,LOWERY,33,female,urban,free,yes,0,2,0,0,0
1156,VARGAS,55,male,urban,premium,yes,0,0,0,0,0
1157,ALVARADO,74,female,rural,free,yes,0,0,0,0,27
1158,PARSONS,56,male,urban,premium,never,2,2,0,0,204
1159,HUNT,52,female,urban,free,never,18,18,180,180,233
1160,BLAKE,50,female,urban,free,never,0,0,0,0,0
1161,CHASE,27,male,urban,free,never,0,2,0,128,243
1162,MCBRIDE,50,male,urban,free,never,0,6,0,0,0
1163,OLIVER,53,male,rural,free,never,0,0,0,0,0
1164,LARA,47,male,urban,free,never,0,0,0,0,0
1165,PRUITT,53,male,urban,free,yes,0,0,0,0,0
1166,JOYCE,31,female,urban,free,yes,0,8,0,55,55
1167,FREEMAN,42,female,urban,premium,never,0,0,0,0,0
1168,STEIN,49,male,urban,free,never,0,0,0,0,0
1169,VELAZQUEZ,25,female,urban,free,never,0,6,0,0,0
1170,STEIN,47,male,urban,free,yes,0,6,0,0,0
1171,RATLIFF,30,male,urban,free,yes,0,0,0,0,0
1172,HOWE,22,male,urban,free,yes,0,6,0,0,0
1173,CASTANEDA,81,male,rural,premium,never,7,42,0,0,111
1174,HORTON,42,female,urban,free,yes,0,1,0,0,0
1175,CONNER,40,male,rural,free,never,0,11,0,0,0
1176,KEMP,84,male,urban,free,always,0,0,0,0,229
1177,BENJAMIN,79,male,rural,free,always,13,13,0,0,182
1178,GRANT,67,female,rural,free,yes,0,1,0,0,0
1179,ROBINSON,56,female,urban,free,yes,9,9,0,0,0
1180,ROBBINS,51,female,urban,free,yes,0,0,0,0,0
1181,LINDSEY,28,male,rural,premium,yes,0,0,0,0,0
1182,EVERETT,68,male,urban,free,never,0,0,0,0,0
1183,SALAZAR,27,male,rural,free,yes,0,0,0,0,0
1184,DAVIS,39,male,rural,free,never,0,2,0,0,0
1185,WORKMAN,20,female,urban,free,always,0,5,0,0,0
1186,WORKMAN,34,female,urban,free,never,0,1,0,319,319
1187,ROBERTSON,58,female,urban,free,never,0,4,0,0,0
1188,LINDSAY,31,female,rural,free,never,0,0,0,0,0
1189,DEJESUS,68,male,urban,free,never,0,0,0,0,0
1190,QUINN,46,male,urban,free,yes,8,8,0,0,0
1191,BEARD,60,female,urban,premium,never,8,8,265,265,327
1192,ERICKSON,47,male,urban,free,never,10,10,0,0,0
1193,DALE,39,female,rural,free,never,0,0,0,0,0
1194,CRANE,40,male,urban,premium,yes,0,0,0,0,0
1195,MILLS,51,male,rural,free,yes,0,0,0,0,0
1196,HOFFMAN,47,female,rural,free,never,2,2,169,169,169
1197,GRAHAM,65,female,urban,premium,yes,0,7,0,0,0
1198,PAUL,34,male,urban,free,never,0,0,0,0,0
1199,HARDIN,49,male,rural,premium,never,0,0,0,0,90
1200,MCINTOSH,50,male,urban,free,never,0,1,0,0,0
1201,MOODY,27,female,urban,free,never,0,6,0,34,34
1202,DICKSON,54,male,rural,free,yes,0,0,0,0,0
1203,STARK,37,male,urban,free,never,0,11,0,0,0
1204,HOWARD,49,female,urban,premium,never,0,3,0,177,177
1205,PETERS,67,male,urban,free,never,0,0,0,0,0
1206,HERRING,47,male,urban,free,never,0,1,0,0,0
1207,TANNER,40,male,urban,free,never,0,5,0,0,0
1208,RHODES,54,male,urban,premium,never,6,8,0,0,0
1209,KENNEDY,42,male,urban,premium,yes,0,3,0,152,152
1210,BERGER,64,male,urban,free,always,0,0,0,0,0
1211,BARTON,21,male,urban,premium,yes,0,0,0,0,0
1212,SOLIS,83,male,urban,free,never,0,0,0,0,0
1213,ENGLAND,79,female,urban,free,never,0,2,0,0,0
1214,TURNER,44,female,urban,free,never,0,0,0,0,0
1215,LITTLE,68,male,urban,premium,never,2,2,0,0,0
1216,VALENCIA,82,male,urban,free,yes,14,14,0,0,0
1217,CONLEY,29,male,urban,premium,never,0,4,0,0,0
1218,BUCKNER,21,male,rural,free,yes,0,2,0,0,0
1219,COCHRAN,42,female,rural,premium,never,3,3,83,83,83
1220,YOUNG,60,female,urban,free,never,0,5,0,0,0
1221,HUMPHREY,29,female,urban,free,yes,0,4,0,52,52
1222,LE,49,female,urban,free,never,8,8,0,0,0
1223,REYES,50,female,rural,free,never,0,0,0,0,0
1224,GILLIAM,36,female,urban,premium,never,0,0,0,0,0
1225,REED,41,male,urban,free,never,0,0,0,0,0
1226,SWANSON,37,male,urban,free,never,2,5,0,0,0
1227,ROBBINS,50,male,urban,free,yes,2,10,0,0,46
1228,HOPPER,46,female,urban,free,yes,0,8,0,0,0
1229,ASHLEY,67,male,urban,free,never,0,0,0,0,0
1230,JENNINGS,28,male,urban,free,never,0,0,0,0,0
1231,MATTHEWS,20,male,urban,premium,yes,0,0,0,0,0
1232,ARNOLD,45,male,urban,premium,yes,1,1,0,0,0
1233,HERMAN,36,female,urban,premium,always,0,0,0,0,0
1234,BEASLEY,67,male,urban,free,yes,0,0,0,0,0
1235,BRIGGS,35,male,urban,premium,yes,0,0,0,0,0
1236,BROCK,27,male,rural,free,never,0,1,0,0,19
1237,HOLMAN,64,male,rural,free,never,0,0,0,0,0
1238,MURPHY,34,female,urban,free,never,1,1,47,47,47
1239,TODD,49,male,urban,free,never,12,12,0,0,0
1240,OSBORN,24,female,rural,premium,never,2,2,0,0,0
1241,ONEAL,59,male,urban,free,never,0,0,0,0,0
1242,WALKER,43,male,urban,premium,yes,0,0,0,0,0
1243,WONG,72,female,rural,premium,never,4,8,0,0,158
1244,NELSON,36,female,rural,premium,never,10,10,0,0,0
1245,BERGER,45,male,rural,premium,yes,6,6,0,0,0
1246,FOWLER,55,female,urban,free,never,0,0,0,0,0
1247,JOHNSTON,47,male,urban,free,never,0,4,0,0,134
1248,HUMPHREY,56,female,urban,free,never,0,0,0,0,12
1249,DECKER,71,male,urban,free,yes,5,5,0,0,0
1250,LONG,21,male,urban,premium,never,8,8,0,0,47
1251,TILLMAN,78,male,rural,free,yes,0,0,0,0,0
1252,WALTER,50,male,urban,free,never,0,3,0,49,49
1253,RICE,58,male,urban,premium,never,0,0,0,0,0
1254,HAYNES,29,female,urban,premium,yes,0,4,0,0,0
1255,ATKINS,41,male,urban,free,never,0,0,0,0,0
1256,LIVINGSTON,35,female,urban,free,never,0,0,0,0,0
1257,VEGA,22,female,urban,premium,never,0,4,0,0,0
1258,EVANS,51,female,urban,free,never,0,0,0,0,0
1259,BOONE,42,female,urban,free,never,0,1,0,259,259
1260,UNDERWOOD,58,male,rural,free,never,0,0,0,0,0
1261,ROGERS,19,male,urban,premium,never,3,3,0,0,0
1262,HUBER,51,male,urban,free,never,0,0,0,0,139
1263,POLLARD,28,male,urban,premium,yes,0,0,0,0,0
1264,COBB,18,female,urban,premium,never,0,1,0,0,0
1265,OLSON,50,female,rural,free,yes,0,2,0,0,0
1266,ESTRADA,22,female,urban,free,never,0,6,0,0,227
1267,CAIN,75,female,rural,free,always,0,0,0,0,65
1268,ALVARADO,28,male,rural,premium,yes,0,2,0,0,86
1269,SEXTON,34,female,urban,premium,never,0,0,0,0,0
1270,CERVANTES,20,male,urban,free,never,0,9,0,0,0
1271,KIRK,53,female,urban,premium,yes,0,0,0,0,139
1272,CARR,41,female,urban,free,never,0,0,0,0,0
1273,BRIGGS,49,male,urban,free,never,0,0,0,0,55
1274,RICHARDSON,42,female,rural,free,always,0,6,0,172,172
1275,MAY,77,female,urban,premium,yes,6,6,0,0,0
1276,PHELPS,46,female,urban,premium,never,17,20,0,0,0
1277,ERICKSON,70,male,urban,free,never,14,28,0,0,0
1278,LAMB,52,male,urban,premium,yes,0,9,0,0,0
1279,NORRIS,86,female,rural,free,never,0,0,0,0,17
1280,VALDEZ,71,male,urban,free,never,0,5,0,76,76
1281,RAMIREZ,18,male,urban,free,never,0,1,0,0,0
1282,DALE,62,female,rural,free,yes,0,0,0,0,0
1283,HICKMAN,22,female,urban,free,always,8,8,0,0,0
1284,STRICKLAND,48,male,urban,free,yes,0,6,0,0,0
1285,PARKER,45,male,urban,free,never,4,4,0,0,0
1286,PARKER,36,male,urban,premium,yes,0,0,0,0,0
1287,MCKNIGHT,26,male,urban,premium,never,0,4,0,0,0
1288,HARRINGTON,44,male,rural,free,never,11,19,0,135,135
1289,MOLINA,45,male,urban,premium,yes,4,4,0,0,0
1290,CONLEY,71,male,urban,free,never,0,5,0,0,0
1291,MERRITT,43,female,urban,premium,never,0,0,0,0,0
1292,WYATT,64,male,urban,free,never,0,2,0,12,12
1293,WHITAKER,52,female,urban,free,never,0,0,0,0,0
1294,NICHOLSON,80,female,urban,free,yes,14,14,0,0,55
1295,MOODY,25,male,urban,free,never,0,0,0,0,0
1296,CHANDLER,55,male,urban,free,yes,0,0,0,0,0
1297,NIXON,30,female,rural,free,yes,0,0,0,0,0
1298,GAINES,57,female,rural,free,yes,0,5,0,119,119
1299,GRANT,72,female,urban,free,never,0,5,0,65,65
1300,BURNS,19,male,urban,free,never,0,0,0,0,0
1301,EMERSON,61,male,urban,free,never,0,5,0,0,104
1302,BROCK,20,female,urban,free,yes,0,2,0,11,11
1303,STUART,69,male,rural,premium,never,5,5,0,0,0
1304,MCCULLOUGH,23,male,urban,premium,yes,0,0,0,0,0
1305,BALLARD,20,female,rural,free,never,0,6,0,214,214
1306,COOPER,46,male,urban,free,never,0,0,0,0,0
1307,CANNON,51,male,urban,free,always,0,7,0,15,15
1308,DALTON,25,male,rural,free,yes,0,0,0,0,0
1309,NICHOLS,47,male,urban,premium,always,0,0,0,0,258
1310,MCGUIRE,55,female,rural,premium,yes,5,5,0,0,0
1311,MATHEWS,59,female,rural,free,never,0,0,0,0,0
1312,VINSON,31,female,urban,free,never,0,0,0,0,0
1313,KNOWLES,48,male,urban,free,yes,0,8,0,81,81
1314,CAMACHO,44,female,rural,free,yes,3,3,0,0,0
1315,LEONARD,66,female,rural,free,never,0,0,0,0,0
1316,COLEMAN,20,male,urban,premium,never,0,0,0,0,0
1317,SANTOS,66,male,urban,free,yes,0,0,0,0,0
1318,CONNER,76,male,urban,free,never,10,10,0,0,0
1319,FITZGERALD,70,male,urban,free,never,0,0,0,0,0
1320,RYAN,56,male,urban,free,never,0,0,0,0,0
1321,MACK,73,male,rural,free,never,4,4,7,7,7
1322,SHEPARD,28,female,rural,premium,yes,0,0,0,0,0
1323,SOLIS,32,female,urban,free,yes,0,0,0,0,0
1324,PATTON,42,male,urban,premium,yes,1,4,0,0,0
1325,JENSEN,33,male,urban,free,never,0,0,0,0,0
1326,ORTIZ,43,male,urban,free,never,10,10,0,0,0
1327,WILCOX,30,male,urban,free,never,0,10,0,196,196
1328,BARNES,38,male,rural,free,yes,0,0,0,0,0
1329,VAUGHN,74,female,urban,premium,never,0,4,0,0,0
1330,IRWIN,76,female,urban,free,never,0,0,0,0,0
1331,STUART,18,male,urban,free,yes,0,0,0,0,0
1332,CLAY,73,female,urban,premium,never,0,7,0,0,0
1333,HOGAN,52,male,urban,free,yes,0,0,0,0,0
1334,CRAIG,55,female,urban,free,never,0,0,0,0,0
1335,KEY,26,female,urban,premium,yes,0,0,0,0,0
1336,CASTILLO,75,male,urban,premium,always,0,0,0,0,0
1337,JOYCE,44,male,urban,free,never,12,12,0,0,235
1338,GREENE,71,female,rural,free,never,0,0,0,0,0
1339,MADDOX,48,female,urban,free,never,0,0,0,0,0
1340,TRAN,51,female,urban,free,never,0,0,0,0,0
1341,BOND,83,male,urban,free,never,7,7,0,0,0
1342,HANSON,79,male,rural,free,never,0,10,0,0,203
1343,BISHOP,31,male,urban,free,yes,9,19,0,0,81
1344,ONEAL,74,male,rural,free,never,0,9,0,0,0
1345,LOGAN,29,male,urban,free,never,0,3,0,117,117
1346,WIGGINS,19,male,rural,free,never,0,0,0,0,0
1347,BURKS,75,female,urban,premium,never,0,2,0,0,0
1348,LYONS,59,female,rural,premium,never,0,0,0,0,0
1349,GAY,61,female,rural,free,yes,0,3,0,0,0
1350,BIRD,64,male,urban,free,yes,0,0,0,0,0
1351,WILDER,50,male,urban,free,never,0,0,0,0,0
1352,STEELE,53,female,rural,free,never,0,0,0,0,0
1353,HINTON,71,male,urban,free,yes,0,0,0,0,0
1354,NIXON,51,female,urban,free,yes,0,4,0,0,0
1355,PHELPS,52,female,urban,premium,yes,0,0,0,0,0
1356,SALINAS,31,female,urban,free,never,0,4,0,0,0
1357,HALEY,26,female,urban,free,yes,0,13,0,58,58
1358,LIVINGSTON,90,male,urban,free,yes,5,5,0,0,0
1359,MORIN,25,male,urban,free,never,0,3,0,0,0
1360,SMALL,57,female,urban,free,yes,7,7,0,0,0
1361,HANEY,69,male,urban,free,never,0,0,0,0,40
1362,MATHIS,24,male,urban,premium,never,0,0,0,0,0
1363,HENSON,35,male,urban,premium,never,0,0,0,0,99
1364,KEY,23,male,urban,premium,never,0,5,0,18,18
1365,RAY,51,male,urban,free,always,2,2,0,0,0
1366,PETERSON,56,female,rural,free,never,0,3,0,0,0
1367,BARBER,57,male,rural,premium,yes,0,0,0,0,0
1368,MACIAS,38,female,urban,premium,never,0,4,0,0,0
1369,HULL,28,female,urban,free,never,0,9,0,0,0
1370,NAVARRO,53,male,urban,free,yes,0,0,0,0,0
1371,STRICKLAND,81,male,urban,free,never,5,5,0,0,0
1372,WOODWARD,29,male,urban,free,yes,11,11,0,0,0
1373,BRADY,61,male,urban,premium,yes,0,0,0,0,0
1374,GREGORY,91,female,rural,free,never,0,0,0,0,0
1375,ROBLES,37,female,urban,premium,never,0,2,0,0,0
1376,MAYNARD,37,male,urban,free,yes,0,0,0,0,0
1377,NICHOLS,55,male,urban,free,never,0,3,0,126,126
1378,MORTON,39,male,rural,free,never,0,0,0,0,0
1379,ALVARADO,66,female,urban,free,never,0,2,0,0,0
1380,MACDONALD,42,female,urban,free,never,0,2,0,40,40
1381,DAWSON,36,male,urban,free,never,0,3,0,0,0
1382,STEPHENS,17,male,urban,premium,yes,0,4,0,0,0
1383,MILLS,42,male,rural,free,yes,0,2,0,0,35
1384,MEYERS,44,male,rural,free,never,0,3,0,0,0
1385,ARNOLD,69,male,urban,free,yes,8,8,1,1,1
1386,WILDER,33,female,urban,free,never,3,3,0,0,0
1387,GALLOWAY,56,male,urban,free,yes,0,3,0,0,0
1388,DAVIDSON,46,male,urban,free,never,16,16,0,0,0
1389,WILSON,51,male,urban,premium,never,0,0,0,0,0
1390,GATES,20,male,urban,free,yes,0,0,0,0,0
1391,AUSTIN,75,male,urban,premium,yes,0,0,0,0,138
1392,CARTER,39,male,urban,premium,never,4,4,0,0,129
1393,MONTOYA,56,male,rural,free,yes,0,3,0,0,0
1394,SWEENEY,54,male,urban,premium,yes,0,0,0,0,0
1395,SNYDER,17,female,urban,free,yes,5,13,3,3,3
1396,WATSON,56,male,urban,free,yes,0,0,0,0,0
1397,MICHAEL,52,male,urban,free,never,0,0,0,0,0
1398,MOLINA,52,female,urban,free,never,0,0,0,0,0
1399,MEYER,47,male,urban,free,yes,10,10,0,0,78
1400,RODGERS,19,male,rural,free,never,0,2,0,271,271
1401,RIVAS,46,female,urban,free,yes,0,1,0,0,0
1402,RICE,44,female,urban,premium,yes,0,1,0,165,295
1403,FRANKS,45,female,rural,free,yes,0,4,0,160,160
1404,GUY,38,male,urban,premium,never,0,0,0,0,0
1405,MCCONNELL,40,male,urban,free,never,0,1,0,0,0
1406,LAWRENCE,19,female,urban,free,never,0,0,0,0,0
1407,DIXON,66,male,urban,free,yes,0,1,0,229,229
1408,SALAZAR,65,male,urban,free,never,0,0,0,0,0
1409,HENDERSON,59,female,urban,free,never,0,0,0,0,0
1410,CASTANEDA,47,male,rural,premium,never,0,0,0,0,0
1411,REED,52,male,urban,free,never,0,1,0,0,0
1412,WYATT,23,female,urban,free,yes,8,8,0,0,0
1413,ROBINSON,56,female,urban,free,yes,0,0,0,0,0
1414,ACOSTA,59,female,rural,free,yes,0,0,0,0,0
1415,VELAZQUEZ,49,male,urban,premium,never,0,0,0,0,0
1416,FRAZIER,41,male,rural,premium,yes,11,11,0,0,0
1417,SUTTON,32,male,urban,free,yes,0,3,0,83,83
1418,MENDEZ,62,male,rural,premium,never,0,0,0,0,0
1419,STRONG,17,female,urban,free,never,0,5,0,170,170
1420,HODGE,30,female,urban,free,never,0,0,0,0,0
1421,WILKERSON,25,female,urban,free,never,0,0,0,0,0
1422,STRICKLAND,52,female,urban,free,never,0,5,0,0,0
1423,QUINN,61,female,rural,free,never,0,0,0,0,0
1424,WHITAKER,43,male,rural,free,never,0,0,0,0,0
1425,HOOVER,31,male,urban,free,yes,0,0,0,0,0
1426,QUINN,40,female,urban,free,never,5,5,0,0,99
1427,MAY,17,female,urban,free,never,5,30,56,75,337
1428,OCONNOR,19,female,urban,free,never,0,0,0,0,0
1429,VINSON,35,male,urban,premium,yes,6,6,0,0,0
1430,HYDE,52,male,urban,free,never,0,3,0,0,0
1431,BRIGHT,44,female,urban,premium,never,0,0,0,0,0
1432,SOSA,26,female,urban,free,never,15,15,180,180,180
1433,POOLE,32,female,urban,free,yes,0,0,0,0,0
1434,CHEN,52,female,rural,free,yes,0,0,0,0,0
1435,DANIELS,26,female,urban,free,never,0,1,0,0,0
1436,LEVY,65,female,urban,free,yes,0,0,0,0,0
1437,HUGHES,71,female,rural,free,never,0,7,0,256,341
1438,WAGNER,79,male,urban,free,never,0,4,0,0,0
1439,CALLAHAN,59,female,urban,free,yes,6,6,0,0,0
1440,LUNA,50,male,urban,free,never,13,33,0,150,150
1441,GREENE,39,female,urban,free,yes,0,0,0,0,0
1442,LEONARD,23,male,urban,free,never,0,0,0,0,71
1443,TRAVIS,49,male,urban,free,never,0,0,0,0,0
1444,CLAYTON,21,female,urban,premium,never,14,17,176,176,176
1445,SLOAN,59,female,rural,premium,never,0,0,0,0,0
1446,LOWE,20,female,urban,free,never,0,7,0,0,0
1447,HUBER,17,female,urban,free,yes,0,5,0,0,253
1448,RIVERS,50,female,urban,free,never,0,5,0,0,0
1449,MACK,36,female,urban,free,never,0,0,0,0,186
1450,SPENCE,76,male,urban,free,never,0,4,0,0,0
1451,CASTANEDA,28,male,rural,free,yes,0,0,0,0,0
1452,ASHLEY,21,male,rural,premium,never,19,19,0,0,0
1453,STARK,18,male,urban,free,never,0,0,0,0,217
1454,HAHN,23,female,urban,free,never,0,0,0,0,0
1455,HODGE,43,male,urban,premium,never,0,0,0,0,0
1456,CONNER,59,female,urban,free,never,0,7,0,17,146
1457,PRICE,35,male,rural,premium,yes,10,10,0,0,147
1458,PALMER,18,female,urban,free,never,13,13,0,0,0
1459,AGUIRRE,53,male,urban,free,never,0,3,0,0,0
1460,PATEL,34,male,urban,free,never,0,0,0,0,0
1461,WALSH,19,male,rural,free,yes,0,7,0,0,0
1462,BRIGHT,49,female,urban,premium,never,5,5,115,115,303
1463,FUENTES,22,male,rural,free,yes,0,2,0,0,0
1464,OLSEN,80,male,urban,free,yes,0,0,0,0,0
1465,NICHOLSON,39,male,urban,free,never,0,5,0,166,166
1466,VAUGHN,39,male,urban,free,never,0,0,0,0,19
1467,KIRKLAND,35,female,rural,free,never,0,0,0,0,43
1468,BENTON,50,female,urban,free,never,0,0,0,0,125
1469,POOLE,17,male,urban,free,always,0,2,0,0,0
1470,AYERS,22,male,urban,free,never,0,3,0,0,92
1471,MCINTYRE,43,male,urban,free,yes,0,2,0,0,0
1472,HOLCOMB,86,female,urban,free,yes,0,0,0,0,0
1473,WOODARD,31,female,urban,free,never,0,0,0,0,0
1474,HANEY,35,female,urban,premium,always,0,0,0,0,0
1475,ROLLINS,34,male,urban,free,never,0,0,0,0,0
1476,MILES,23,male,rural,premium,never,0,6,0,0,0
1477,SALAS,55,male,urban,free,never,0,0,0,0,0
1478,WELLS,29,male,urban,free,yes,2,2,0,0,0
1479,COX,72,female,urban,free,yes,7,7,0,0,72
1480,BALLARD,63,male,urban,free,yes,14,14,247,247,247
1481,ALEXANDER,58,male,urban,premium,never,0,0,0,0,131
1482,JOHNSTON,44,male,urban,free,never,14,14,0,0,0
1483,BARNES,46,male,urban,free,never,0,4,0,0,0
1484,PRICE,67,female,rural,premium,yes,0,2,0,0,0
1485,HODGE,73,female,urban,free,never,0,0,0,0,0
1486,JUSTICE,69,female,urban,free,yes,0,1,0,0,0
1487,TAYLOR,31,female,urban,free,never,0,4,0,16,16
1488,SMALL,41,male,urban,free,never,0,0,0,0,0
1489,FOLEY,36,female,urban,free,never,0,1,0,0,0
1490,LANG,55,male,urban,free,never,9,9,0,0,0
1491,CLINE,29,male,urban,free,never,0,0,0,0,0
1492,KOCH,34,female,rural,free,yes,0,0,0,0,0
1493,WILKINSON,74,female,urban,free,yes,0,0,0,0,0
1494,CLEMONS,41,male,urban,free,never,0,0,0,0,108
1495,CASTRO,64,male,rural,free,never,0,0,0,0,0
1496,PETERSEN,68,male,urban,free,never,0,0,0,0,0
1497,GUERRA,84,female,urban,free,yes,0,0,0,0,0
1498,MOSS,26,female,urban,free,yes,0,2,0,0,0
1499,SLATER,50,male,urban,free,never,0,0,0,0,0
1500,CALDWELL,32,male,urban,free,never,0,0,0,0,0
1501,MARKS,75,male,urban,free,yes,5,5,0,0,0
1502,MCPHERSON,65,female,urban,free,never,0,0,0,0,0
1503,WEEKS,71,female,urban,free,never,3,3,132,132,233
1504,VAUGHN,18,male,urban,free,never,0,0,0,0,0
1505,RILEY,79,female,urban,free,yes,0,0,0,0,11
1506,DONALDSON,67,female,urban,free,yes,0,5,0,236,236
1507,GREEN,89,male,rural,free,never,0,0,0,0,0
1508,SHARP,22,male,urban,free,yes,0,7,0,0,0
1509,BELL,36,female,urban,free,yes,0,0,0,0,0
1510,DELACRUZ,51,male,urban,free,never,0,0,0,0,90
1511,WRIGHT,24,male,urban,free,never,0,0,0,0,72
1512,CURRY,43,male,urban,free,yes,0,11,0,0,0
1513,WHITFIELD,44,female,urban,free,never,0,7,0,197,197
1514,REEVES,22,female,urban,free,yes,0,0,0,0,0
1515,VAUGHAN,30,male,urban,premium,never,0,0,0,0,0
1516,JEFFERSON,35,male,urban,free,never,1,1,0,0,0
1517,AYALA,76,female,urban,free,never,0,3,0,0,0
1518,LEBLANC,21,male,urban,free,never,0,5,0,0,0
1519,MEYERS,64,male,urban,free,never,15,15,0,0,0
1520,HUNTER,37,female,urban,free,never,7,7,0,0,0
1521,BLACKWELL,32,male,urban,free,yes,0,0,0,0,0
1522,BAUER,24,female,urban,premium,yes,0,3,0,0,3
1523,CLEVELAND,72,male,urban,free,never,7,7,0,0,0
1524,CASTANEDA,54,male,rural,free,never,0,0,0,0,0
1525,TRUJILLO,20,male,rural,free,never,0,6,0,230,230
1526,RIOS,91,male,urban,free,yes,0,0,0,0,0
1527,STOUT,51,male,urban,premium,never,0,1,0,0,0
1528,CLAY,26,male,urban,free,never,0,4,0,1,127
1529,ROGERS,81,male,urban,premium,never,0,0,0,0,0
1530,WATTS,27,female,urban,free,never,0,0,0,0,0
1531,DAWSON,43,male,urban,free,yes,7,33,0,0,0
1532,LAWSON,31,male,rural,free,never,0,0,0,0,0
1533,ROSA,55,female,urban,free,never,0,1,0,0,0
1534,MASON,65,male,urban,free,yes,0,0,0,0,0
1535,HUNTER,56,female,urban,free,never,0,0,0,0,0
1536,HENDRIX,27,male,urban,free,never,0,0,0,0,0
1537,SANTOS,38,female,urban,free,yes,0,2,0,0,0
1538,PENNINGTON,53,female,rural,premium,never,0,0,0,0,0
1539,MCKINNEY,36,male,urban,free,never,0,0,0,0,0
1540,LINDSEY,78,female,urban,free,never,0,0,0,0,0
1541,NIELSEN,31,male,urban,free,yes,0,0,0,0,0
1542,HOGAN,44,male,rural,free,never,16,16,0,0,0
1543,WAGNER,21,male,rural,premium,never,0,12,0,0,0
1544,HUTCHINSON,17,male,urban,free,never,0,9,0,0,0
1545,MASSEY,82,male,urban,premium,never,0,6,0,0,0
1546,PHELPS,67,female,urban,free,never,8,8,0,0,0
1547,HENSLEY,24,male,rural,free,yes,14,17,160,160,160
1548,GUTHRIE,78,male,urban,premium,yes,0,0,0,0,0
1549,PARKER,58,female,urban,premium,yes,0,0,0,0,0
1550,BONNER,19,male,urban,free,yes,0,3,0,0,0
1551,WOODARD,44,female,rural,free,never,0,9,0,110,110
1552,ALFORD,34,female,rural,premium,never,0,7,0,0,7
1553,BRYAN,32,male,rural,free,never,0,0,0,0,0
1554,MACK,72,male,urban,premium,never,0,4,0,0,0
1555,VINCENT,30,female,urban,free,yes,0,8,0,0,0
1556,LOTT,71,female,rural,free,never,0,0,0,0,0
1557,GUY,75,male,urban,premium,never,0,0,0,0,0
1558,LAWRENCE,55,male,urban,free,yes,1,1,0,0,168
1559,CHANDLER,29,male,urban,free,yes,0,0,0,0,0
1560,CALDWELL,31,female,urban,free,never,5,5,0,0,0
1561,GARNER,70,female,urban,free,never,8,8,0,0,0
1562,DOTSON,22,male,urban,free,yes,19,19,0,0,0
1563,WRIGHT,44,male,urban,free,always,0,0,0,0,215
1564,BURTON,47,female,urban,free,never,11,11,0,0,0
1565,RASMUSSEN,46,female,urban,free,yes,2,2,0,0,0
1566,DONALDSON,28,male,urban,free,never,0,0,0,0,0
1567,MILLS,35,female,urban,free,yes,4,4,0,0,0
1568,BENJAMIN,79,female,urban,premium,yes,0,0,0,0,0
1569,BATTLE,42,male,urban,free,never,13,13,0,0,22
1570,MARSHALL,49,female,urban,free,yes,0,5,0,0,0
1571,FIELDS,81,female,urban,free,never,0,0,0,0,0
1572,FINLEY,25,female,urban,premium,yes,6,6,0,0,0
1573,ANTHONY,64,female,rural,free,never,0,0,0,0,0
1574,WATKINS,42,male,urban,free,always,0,1,0,51,63
1575,VEGA,60,male,urban,free,never,0,0,0,0,0
1576,NOBLE,88,female,urban,premium,never,0,0,0,0,50
1577,LEE,52,female,rural,free,yes,0,13,0,21,21
1578,ROWLAND,66,male,urban,free,never,0,7,0,140,140
1579,FIELDS,57,female,urban,free,yes,0,0,0,0,0
1580,LONG,37,male,urban,free,yes,0,9,0,0,0
1581,LIVINGSTON,88,male,rural,free,yes,0,3,0,0,0
1582,ALLISON,46,male,urban,free,yes,13,31,0,0,0
1583,SARGENT,33,male,urban,free,always,0,0,0,0,20
1584,BURTON,48,male,urban,free,never,0,0,0,0,0
1585,MORSE,24,male,urban,free,never,0,0,0,0,0
1586,HUMPHREY,21,female,urban,free,yes,7,7,101,101,101
1587,SCOTT,44,male,urban,free,never,0,0,0,0,0
1588,MIDDLETON,41,male,urban,free,never,0,8,0,37,37
1589,DELEON,22,male,urban,premium,never,0,0,0,0,0
1590,RICHARDSON,61,male,urban,free,yes,1,14,0,0,0
1591,VELAZQUEZ,63,male,urban,free,never,0,0,0,0,0
1592,HUBER,33,female,urban,free,never,3,3,109,109,109
1593,SELLERS,59,male,urban,free,never,13,13,0,0,0
1594,GILLESPIE,18,male,urban,free,never,10,10,0,0,0
1595,BECKER,58,male,urban,free,never,0,0,0,0,0
1596,GOODWIN,28,male,urban,free,yes,0,5,0,0,0
1597,MCDOWELL,37,female,rural,premium,yes,11,11,161,161,161
1598,FREDERICK,57,female,urban,free,never,0,4,0,0,0
1599,MIRANDA,36,female,rural,free,never,0,5,0,0,0
1600,RUSH,90,female,rural,free,yes,0,2,0,83,83
1601,SYKES,23,male,urban,free,yes,0,0,0,0,0
1602,COHEN,36,female,urban,free,never,0,0,0,0,189
1603,RAYMOND,31,male,urban,free,yes,0,0,0,0,136
1604,JENSEN,33,female,rural,free,yes,0,0,0,0,0
1605,BOONE,47,female,urban,free,never,0,0,0,0,0
1606,CRUZ,57,male,rural,premium,never,0,1,0,0,0
1607,HOLMAN,35,male,urban,premium,yes,0,0,0,0,69
1608,WONG,30,male,urban,free,never,0,0,0,0,0
1609,SNIDER,26,female,urban,free,yes,0,0,0,0,0
1610,CARRILLO,42,male,rural,premium,yes,0,4,0,0,0
1611,ALVARADO,34,female,urban,free,always,0,5,0,0,0
1612,HURST,38,male,urban,free,yes,0,0,0,0,56
1613,DANIELS,20,female,urban,premium,never,1,20,0,0,0
1614,FINLEY,52,female,urban,premium,yes,0,4,0,259,259
1615,CLARK,33,female,urban,free,never,0,0,0,0,0
1616,MCCULLOUGH,47,male,rural,premium,never,0,2,0,0,0
1617,LOTT,41,female,urban,free,yes,0,0,0,0,0
1618,LEONARD,47,male,urban,free,never,0,4,0,115,115
1619,MCKEE,23,female,urban,premium,never,0,0,0,0,0
1620,BUCKLEY,24,male,urban,free,never,0,0,0,0,0
1621,SNIDER,55,female,urban,premium,yes,0,6,0,0,0
1622,BARRETT,19,female,rural,free,never,2,2,0,0,114
1623,MACK,71,female,urban,free,never,0,4,0,0,0
1624,MERCADO,78,female,urban,free,never,0,0,0,0,90
1625,HUNT,49,male,urban,free,yes,0,0,0,0,0
1626,VASQUEZ,23,female,urban,premium,always,0,0,0,0,0
1627,NEWMAN,24,male,urban,free,yes,0,3,0,51,51
1628,WATKINS,36,female,urban,free,yes,0,0,0,0,0
1629,SANTANA,85,male,urban,free,always,0,0,0,0,0
1630,FIGUEROA,36,female,urban,free,always,15,15,0,0,0
1631,WALLACE,53,female,urban,free,never,0,3,0,0,0
1632,CERVANTES,34,female,urban,free,always,0,0,0,0,0
1633,MCGUIRE,84,male,urban,free,yes,0,3,0,96,96
1634,PITTMAN,25,male,urban,free,never,0,0,0,0,0
1635,PATRICK,20,male,urban,premium,never,0,0,0,0,0
1636,MCCLAIN,47,male,urban,free,never,8,8,0,0,0
1637,SULLIVAN,33,female,urban,free,never,0,5,0,0,0
1638,FOWLER,23,male,urban,premium,never,0,2,0,0,41
1639,BOYER,61,male,urban,free,never,0,0,0,0,0
1640,BECKER,71,female,rural,free,yes,0,3,0,51,51
1641,TAYLOR,40,male,urban,free,yes,0,0,0,0,0
1642,LANDRY,58,male,urban,free,never,0,3,0,155,405
1643,BONNER,53,female,urban,free,yes,6,6,0,0,170
1644,MULLEN,25,male,urban,free,never,0,0,0,0,0
1645,GEORGE,30,female,urban,free,always,0,4,0,0,16
1646,SHARPE,28,male,rural,free,never,0,6,0,112,112
1647,MENDOZA,46,female,urban,premium,yes,0,0,0,0,0
1648,WALLER,56,male,urban,premium,never,0,4,0,126,126
1649,TORRES,56,female,urban,premium,never,0,0,0,0,0
1650,MEADOWS,46,female,urban,free,never,0,0,0,0,0
1651,GARCIA,56,male,urban,premium,never,0,3,0,0,0
1652,GROSS,32,male,urban,free,yes,0,0,0,0,0
1653,MALONE,75,male,rural,free,never,5,5,0,0,0
1654,WEBER,79,male,urban,free,never,0,0,0,0,0
1655,MCCALL,29,female,urban,free,never,1,1,0,0,0
1656,RIVAS,36,female,urban,free,never,0,0,0,0,0
1657,HORTON,17,male,rural,free,yes,0,0,0,0,0
1658,FISCHER,46,male,urban,free,yes,0,0,0,0,0
1659,HOBBS,65,male,urban,free,never,0,0,0,0,0
1660,LEACH,38,female,urban,free,yes,0,0,0,0,0
1661,BAKER,84,male,urban,free,never,0,0,0,0,0
1662,MCKEE,38,male,rural,free,never,0,0,0,0,0
1663,CONNER,60,male,urban,free,never,0,0,0,0,0
1664,SOTO,38,male,urban,free,yes,0,0,0,0,0
1665,TAYLOR,46,male,urban,free,never,0,0,0,0,0
1666,DALTON,20,female,rural,free,never,0,0,0,0,0
1667,REED,55,female,urban,premium,yes,0,0,0,0,92
1668,SULLIVAN,28,female,urban,free,always,0,6,0,0,0
1669,NAVARRO,31,female,urban,free,yes,0,0,0,0,0
1670,PEARSON,33,female,urban,premium,never,0,0,0,0,0
1671,MCGOWAN,49,male,urban,premium,yes,0,0,0,0,0
1672,HORN,20,female,rural,premium,yes,0,5,0,153,153
1673,MOONEY,67,male,rural,free,always,8,10,198,198,198
1674,BARR,88,female,urban,premium,yes,0,0,0,0,73
1675,RYAN,19,female,urban,free,never,0,0,0,0,0
1676,OLIVER,27,male,rural,free,yes,0,3,0,114,114
1677,ONEIL,52,female,urban,free,never,0,6,0,60,60
1678,MCCALL,49,male,urban,free,never,0,2,0,0,0
1679,DIAZ,50,male,rural,free,never,0,0,0,0,0
1680,HEATH,73,male,urban,free,yes,15,15,0,0,0
1681,LANDRY,38,female,urban,free,yes,0,0,0,0,148
1682,NASH,25,female,rural,premium,never,0,0,0,0,0
1683,CHANDLER,55,male,rural,free,always,0,0,0,0,106
1684,MAYS,69,female,urban,free,yes,0,0,0,0,0
1685,MCDOWELL,31,male,urban,free,yes,0,5,0,0,0
1686,MOORE,37,male,urban,free,never,0,0,0,0,64
1687,KIM,67,male,urban,free,yes,0,3,0,216,216
1688,OCONNOR,69,male,urban,free,never,0,0,0,0,67
1689,HARDY,42,female,urban,free,yes,4,4,0,0,0
1690,BARNES,89,female,urban,free,never,0,0,0,0,0
1691,CASTRO,50,male,urban,premium,never,0,0,0,0,0
1692,PAYNE,52,male,urban,premium,yes,0,3,0,0,0
1693,PRUITT,29,male,urban,free,never,9,29,0,0,0
1694,BYRD,63,female,urban,free,never,0,0,0,0,0
1695,CASE,30,male,urban,free,yes,10,10,0,0,199
1696,LOGAN,87,female,urban,free,yes,0,3,0,0,117
1697,HUNT,46,male,urban,free,yes,0,0,0,0,0
1698,ALEXANDER,75,female,urban,free,never,0,0,0,0,0
1699,MORSE,70,male,rural,free,never,0,0,0,0,120
1700,SANTOS,60,male,urban,premium,never,0,0,0,0,0
1701,HERRING,42,female,urban,free,never,5,5,0,0,0
1702,PATE,48,female,urban,free,yes,0,0,0,0,0
1703,DENNIS,41,male,rural,premium,never,0,0,0,0,0
1704,SOTO,34,male,urban,free,never,0,0,0,0,44
1705,WALL,20,female,urban,premium,yes,0,0,0,0,0
1706,RUIZ,60,male,urban,premium,never,0,1,0,1,1
1707,RODRIGUEZ,45,male,urban,free,yes,0,7,0,0,0
1708,BURNETT,55,male,urban,free,never,0,0,0,0,42
1709,BAKER,47,male,urban,free,never,0,0,0,0,0
1710,HUBER,24,male,rural,free,yes,3,18,0,0,0
1711,HARPER,43,male,rural,free,yes,12,18,0,0,0
1712,DODSON,44,female,urban,free,always,0,0,0,0,0
1713,HILL,27,female,urban,premium,yes,11,11,0,0,0
1714,STRICKLAND,34,male,rural,free,never,0,0,0,0,0
1715,HARRISON,87,male,urban,free,yes,0,5,0,8,8
1716,PICKETT,50,male,rural,free,never,0,0,0,0,0
1717,MCKEE,37,female,urban,free,never,0,1,0,0,0
1718,GIBSON,24,male,urban,free,never,0,0,0,0,89
1719,SMALL,47,female,urban,free,yes,0,0,0,0,0
1720,REED,45,female,urban,free,always,0,0,0,0,0
1721,STOKES,70,female,rural,free,never,9,9,0,0,0
1722,HEATH,21,male,rural,premium,yes,2,2,0,0,137
1723,RIVERS,36,male,urban,free,yes,0,11,0,210,210
1724,VALDEZ,58,female,urban,free,always,0,6,0,0,0
1725,KNAPP,46,male,rural,premium,yes,0,0,0,0,0
1726,GOODMAN,46,female,urban,free,always,4,4,0,0,258
1727,MONTGOMERY,78,male,urban,free,yes,2,2,21,21,21
1728,LARSEN,67,male,rural,free,yes,0,0,0,0,0
1729,DUFFY,39,female,urban,free,yes,12,12,0,0,0
1730,TRUJILLO,79,male,urban,free,never,5,5,85,85,85
1731,CHRISTIAN,59,female,rural,free,never,0,0,0,0,0
1732,BAUER,48,male,urban,premium,never,0,3,0,0,71
1733,MCMILLAN,27,male,urban,free,never,0,7,0,340,757
1734,VANCE,74,female,urban,free,never,4,4,0,0,55
1735,FREEMAN,52,male,urban,free,never,0,0,0,0,0
1736,NGUYEN,82,male,urban,free,never,0,0,0,0,0
1737,SHEPHERD,49,female,urban,premium,never,0,3,0,83,83
1738,MCDANIEL,49,male,urban,free,never,0,2,0,75,81
1739,HOLDEN,27,female,urban,free,yes,0,6,0,0,0
1740,BEASLEY,67,male,rural,free,never,0,4,0,0,0
1741,WILLIAMSON,30,male,urban,free,yes,0,0,0,0,0
1742,WALLACE,31,female,urban,free,never,0,2,0,0,0
1743,LOTT,74,female,urban,free,yes,0,9,0,36,36
1744,TALLEY,38,male,rural,free,never,0,0,0,0,75
1745,HUMPHREY,27,male,rural,free,never,10,10,0,0,0
1746,GOULD,66,female,urban,free,never,12,12,0,0,0
1747,CANTRELL,48,male,urban,free,never,0,0,0,0,0
1748,THORNTON,28,male,rural,free,never,4,4,0,0,21
1749,MANNING,40,female,urban,free,never,0,9,0,42,42
1750,WINTERS,44,female,urban,free,never,2,2,90,90,90
1751,MOON,33,male,urban,free,yes,1,1,0,0,108
1752,ZAMORA,45,male,urban,free,never,0,0,0,0,0
1753,FARLEY,53,male,urban,free,never,7,22,0,0,0
1754,FERNANDEZ,61,male,urban,free,never,0,0,0,0,0
1755,ROSALES,21,male,urban,free,never,0,0,0,0,0
1756,ROSE,36,female,urban,free,never,0,3,0,129,129
1757,GIBSON,65,male,urban,free,never,0,0,0,0,0
1758,RIVERA,26,male,urban,free,yes,0,0,0,0,0
1759,LEVINE,61,male,urban,free,always,0,0,0,0,0
1760,RUSSO,31,female,rural,free,yes,0,5,0,38,38
1761,PARKER,91,female,urban,free,never,0,4,0,126,126
1762,MERRILL,40,male,urban,free,never,4,27,0,256,463
1763,RICE,62,male,urban,free,never,2,2,167,167,239
1764,TAYLOR,58,female,urban,free,never,0,0,0,0,0
1765,MORAN,51,male,urban,free,yes,0,0,0,0,0
1766,NEAL,52,female,urban,free,never,0,5,0,0,0
1767,FRANCO,48,female,urban,free,never,0,0,0,0,0
1768,DYER,50,male,urban,free,never,4,4,0,0,0
1769,FLOWERS,23,male,urban,premium,never,0,0,0,0,0
1770,HAWKINS,58,male,urban,free,yes,0,0,0,0,0
1771,RAMSEY,57,female,urban,free,never,0,8,0,5,5
1772,FINLEY,39,female,rural,free,yes,0,12,0,113,113
1773,MCCLAIN,33,female,urban,free,never,0,0,0,0,0
1774,PETERS,55,male,urban,free,yes,0,5,0,0,0
1775,MCMILLAN,55,male,urban,free,always,0,5,0,0,0
1776,FOWLER,44,female,urban,free,yes,0,0,0,0,0
1777,ACEVEDO,62,female,urban,free,never,0,0,0,0,48
1778,DAVIS,59,male,urban,free,yes,4,4,0,0,0
1779,SANDOVAL,32,female,urban,premium,never,0,5,0,3,3
1780,COHEN,47,female,urban,premium,yes,0,0,0,0,0
1781,BURT,74,male,urban,free,yes,0,0,0,0,0
1782,JENSEN,32,male,urban,premium,never,0,0,0,0,0
1783,LAWSON,44,female,rural,premium,never,19,23,0,0,0
1784,MACDONALD,40,male,urban,premium,yes,0,0,0,0,0
1785,CLARKE,67,female,rural,premium,never,0,0,0,0,0
1786,WILLIAM,45,female,rural,free,yes,0,7,0,0,0
1787,BRIGHT,17,male,rural,premium,never,10,10,0,0,0
1788,CARROLL,51,male,urban,free,yes,20,20,0,0,0
1789,SPARKS,60,male,urban,free,never,8,18,82,106,106
1790,WATSON,43,male,urban,premium,yes,2,5,0,0,0
1791,MEDINA,43,male,rural,free,never,0,0,0,0,0
1792,HUNTER,18,male,rural,free,never,0,0,0,0,0
1793,ROBERTS,76,male,urban,free,never,7,7,0,0,0
1794,HEAD,47,female,urban,free,never,0,0,0,0,0
1795,SMITH,30,male,urban,free,never,0,0,0,0,0
1796,REEVES,34,male,urban,free,never,0,1,0,139,139
1797,MARSH,28,female,urban,free,never,0,5,0,11,11
1798,MULLEN,46,female,urban,free,never,0,0,0,0,0
1799,GARNER,69,female,rural,free,never,0,0,0,0,0
1800,WARNER,47,male,rural,free,never,12,12,0,0,0
1801,SNOW,17,male,urban,free,never,0,0,0,0,0
1802,FLETCHER,43,male,urban,premium,never,0,0,0,0,0
1803,SANDERS,51,male,urban,premium,never,0,0,0,0,199
1804,OWEN,44,female,rural,free,yes,5,5,0,0,0
1805,CHANG,20,male,urban,free,never,0,0,0,0,0
1806,NIEVES,28,male,urban,free,always,0,3,0,0,0
1807,FREEMAN,62,female,urban,free,never,0,0,0,0,0
1808,SPARKS,27,male,urban,free,never,0,0,0,0,0
1809,FORD,17,male,urban,free,yes,0,0,0,0,0
1810,BUCK,57,female,urban,free,never,0,8,0,296,470
1811,KANE,27,female,urban,free,never,6,6,0,0,0
1812,FISCHER,41,male,urban,premium,yes,0,0,0,0,0
1813,WRIGHT,43,male,urban,free,never,0,2,0,0,0
1814,DRAKE,38,male,urban,free,yes,5,5,46,46,46
1815,WOOTEN,58,male,urban,free,never,0,2,0,103,103
1816,GAMBLE,22,female,urban,premium,yes,0,4,0,0,0
1817,GARRETT,27,female,urban,free,never,0,6,0,341,341
1818,HARRINGTON,31,female,urban,free,yes,0,6,0,0,0
1819,MCKAY,49,male,urban,free,yes,0,8,0,0,0
1820,CUMMINGS,48,female,rural,free,never,0,2,0,10,10
1821,PICKETT,19,female,urban,free,never,14,14,0,0,0
1822,SALAZAR,37,male,urban,free,yes,0,0,0,0,0
1823,LEONARD,17,male,urban,free,never,0,4,0,0,0
1824,SCHNEIDER,45,female,urban,free,never,0,0,0,0,0
1825,LOPEZ,41,female,urban,premium,never,0,0,0,0,0
1826,MALONE,73,male,urban,free,yes,0,1,0,217,217
1827,WATERS,18,female,urban,free,yes,0,0,0,0,0
1828,BRYANT,38,female,urban,free,never,0,7,0,0,0
1829,SUAREZ,79,female,urban,free,never,0,0,0,0,0
1830,GUTHRIE,45,female,urban,free,never,6,6,0,0,0
1831,DONALDSON,25,male,urban,free,never,0,0,0,0,0
1832,BLAIR,33,female,rural,premium,yes,0,5,0,0,0
1833,FARLEY,37,female,urban,free,never,0,0,0,0,0
1834,HERRING,34,female,urban,free,never,0,0,0,0,0
1835,MCCLURE,57,male,urban,free,yes,0,0,0,0,0
1836,LUCAS,50,female,urban,premium,never,0,5,0,0,0
1837,WALL,79,male,urban,free,never,0,0,0,0,0
1838,PAGE,44,male,urban,free,never,0,8,0,0,0
1839,LOWERY,31,male,urban,premium,never,0,0,0,0,0
1840,NEWMAN,49,male,urban,premium,never,0,0,0,0,0
1841,SYKES,68,female,urban,free,never,0,2,0,62,244
1842,NORTON,87,male,rural,free,yes,0,4,0,0,0
1843,MYERS,46,female,urban,premium,always,0,9,0,10,10
1844,HODGES,76,female,urban,free,never,0,0,0,0,0
1845,BARNETT,71,female,rural,free,yes,11,11,0,0,0
1846,FREDERICK,77,male,urban,free,yes,0,1,0,0,0
1847,REYES,69,female,urban,premium,never,0,0,0,0,0
1848,CHANEY,52,male,urban,free,never,0,0,0,0,0
1849,MAY,48,male,urban,premium,never,0,0,0,0,0
1850,FITZGERALD,60,female,urban,free,yes,0,4,0,246,246
1851,WILLIAMS,57,male,urban,free,yes,7,7,0,0,0
1852,HENSLEY,35,female,urban,premium,never,0,1,0,0,0
1853,NELSON,61,male,urban,free,never,0,0,0,0,0
1854,DAVIDSON,74,female,urban,free,yes,6,16,0,74,74
1855,BLACKWELL,40,male,urban,premium,yes,0,0,0,0,0
1856,BRENNAN,18,male,urban,free,never,0,0,0,0,203
1857,TERRY,32,female,urban,free,always,0,8,0,0,0
1858,GRIMES,79,female,urban,free,never,10,10,0,0,0
1859,COHEN,83,male,urban,free,always,6,6,0,0,0
1860,ANDERSON,42,male,urban,free,never,0,2,0,213,213
1861,DORSEY,47,female,urban,free,never,0,0,0,0,0
1862,LARA,34,male,urban,premium,never,0,0,0,0,0
1863,ALLISON,22,male,rural,free,never,0,3,0,0,0
1864,HENDRIX,31,male,urban,premium,never,3,4,0,38,38
1865,CHANEY,38,male,urban,free,yes,0,0,0,0,0
1866,LITTLE,87,male,urban,free,never,0,0,0,0,0
1867,JUAREZ,49,male,rural,free,never,8,8,0,0,0
1868,KANE,18,female,urban,free,never,1,1,0,0,0
1869,ENGLAND,25,male,urban,free,never,0,0,0,0,0
1870,CHANEY,20,male,urban,free,never,0,0,0,0,0
1871,SOLOMON,53,female,rural,free,always,0,3,0,73,73
1872,KINNEY,63,female,urban,free,yes,0,6,0,0,0
1873,MANN,79,male,urban,free,never,6,6,4,4,4
1874,HOLLAND,28,male,urban,premium,yes,0,0,0,0,0
1875,SKINNER,48,male,rural,free,yes,0,2,0,0,0
1876,WARREN,35,male,urban,free,never,0,0,0,0,210
1877,LOGAN,20,male,urban,free,never,0,0,0,0,0
1878,MORGAN,45,male,rural,premium,yes,0,0,0,0,0
1879,RYAN,69,female,rural,free,yes,0,0,0,0,0
1880,GAINES,38,male,urban,free,yes,0,3,0,0,0
1881,GUZMAN,85,male,urban,premium,never,0,0,0,0,0
1882,HODGES,39,male,urban,premium,yes,0,0,0,0,0
1883,GREENE,71,male,urban,free,never,17,17,0,0,0
1884,FINCH,46,male,urban,free,yes,11,11,0,0,0
1885,SAVAGE,41,female,urban,premium,never,0,1,0,0,253
1886,COTTON,18,male,urban,free,never,0,0,0,0,0
1887,MERRITT,40,female,urban,free,always,0,0,0,0,0
1888,FLETCHER,18,female,urban,free,never,6,6,0,0,0
1889,ROBINSON,33,male,urban,premium,never,0,0,0,0,107
1890,DICKERSON,60,male,urban,free,never,7,7,75,75,75
1891,FOSTER,63,male,urban,premium,yes,0,4,0,0,0
1892,GENTRY,76,female,urban,premium,yes,0,3,0,0,0
1893,GALLOWAY,20,female,rural,free,never,0,0,0,0,0
1894,NORRIS,42,female,urban,free,yes,0,0,0,0,0
1895,HUTCHINSON,36,male,urban,free,never,0,0,0,0,248
1896,DOTSON,44,male,urban,free,never,0,0,0,0,0
1897,GREEN,32,female,rural,free,yes,0,0,0,0,0
1898,LOVE,45,male,urban,free,yes,9,9,0,0,0
1899,STANLEY,19,female,urban,premium,never,0,0,0,0,0
1900,PUGH,31,female,urban,free,yes,0,0,0,0,0
1901,MASSEY,52,female,urban,free,yes,0,0,0,0,0
1902,SHEPARD,43,female,urban,free,yes,0,2,0,253,253
1903,THORNTON,39,female,urban,free,never,0,0,0,0,0
1904,JACKSON,54,male,urban,free,yes,0,0,0,0,0
1905,BRITT,45,female,urban,free,never,8,8,0,0,132
1906,REED,62,female,urban,free,never,0,1,0,0,0
1907,TURNER,20,female,urban,premium,never,0,0,0,0,0
1908,LUNA,49,female,urban,premium,never,0,0,0,0,0
1909,PRICE,29,female,urban,free,never,0,0,0,0,0
1910,KENNEDY,46,female,urban,free,yes,0,0,0,0,0
1911,KERR,29,male,rural,free,always,0,0,0,0,0
1912,HOWELL,50,male,urban,free,always,0,2,0,0,0
1913,MCKAY,54,female,urban,free,never,0,0,0,0,0
1914,HOFFMAN,28,female,urban,free,never,0,0,0,0,140
1915,MOSES,26,male,urban,free,never,0,6,0,0,0
1916,SOSA,40,male,rural,free,yes,0,11,0,31,31
1917,HARRISON,82,female,urban,free,never,0,0,0,0,124
1918,HORN,48,female,urban,premium,never,6,6,0,0,0
1919,WORKMAN,67,male,urban,premium,never,0,0,0,0,0
1920,PATEL,50,male,rural,free,never,0,0,0,0,0
1921,SCHNEIDER,36,male,rural,free,never,0,0,0,0,0
1922,DIAZ,19,female,urban,free,always,0,0,0,0,0
1923,ELLIOTT,25,male,urban,free,never,0,0,0,0,0
1924,GIBSON,73,female,urban,premium,never,0,3,0,166,166
1925,CHAPMAN,29,female,urban,free,never,0,0,0,0,0
1926,HARDIN,52,female,urban,free,yes,0,6,0,0,0
1927,GUERRERO,54,male,rural,free,never,0,6,0,120,120
1928,SOLIS,57,male,urban,free,never,0,0,0,0,0
1929,CHURCH,80,female,rural,free,never,8,8,0,0,0
1930,MCDOWELL,53,female,urban,free,never,0,0,0,0,0
1931,MCFADDEN,77,female,urban,free,never,0,0,0,0,0
1932,CASEY,35,male,urban,free,never,0,0,0,0,0
1933,MOSES,70,female,urban,free,yes,0,8,0,0,0
1934,FULTON,66,female,rural,premium,never,5,5,112,112,112
1935,CANTU,27,male,urban,free,yes,0,0,0,0,0
1936,MCBRIDE,55,male,rural,free,never,0,9,0,0,0
1937,HAYNES,24,male,rural,free,never,0,0,0,0,0
1938,MORALES,67,male,urban,premium,yes,0,8,0,0,0
1939,HUMPHREY,39,male,rural,free,never,0,0,0,0,0
1940,SHANNON,58,male,urban,free,yes,0,0,0,0,0
1941,RICE,56,male,urban,free,never,0,9,0,0,0
1942,NEWTON,20,female,urban,free,never,0,0,0,0,116
1943,BARTON,71,male,urban,premium,never,0,6,0,45,45
1944,BEARD,26,male,rural,free,never,0,0,0,0,0
1945,BENTLEY,51,female,urban,free,never,0,4,0,337,337
1946,DELANEY,66,male,urban,free,never,1,9,221,221,221
1947,LINDSAY,63,female,rural,free,never,5,9,0,0,46
1948,MCCLAIN,80,male,rural,free,never,0,5,0,0,0
1949,BROWNING,52,female,urban,free,yes,0,0,0,0,156
1950,FOWLER,88,male,urban,free,never,0,5,0,0,0
1951,CARVER,76,male,urban,free,yes,0,0,0,0,0
1952,BLEVINS,20,male,rural,free,never,0,5,0,130,130
1953,FRANKS,51,male,rural,premium,never,0,8,0,0,0
1954,WAGNER,47,male,urban,free,never,0,0,0,0,144
1955,HARDY,35,male,urban,free,never,0,0,0,0,0
1956,STARK,34,male,urban,premium,never,0,0,0,0,0
1957,RANDOLPH,25,male,rural,free,yes,9,9,0,0,0
1958,PACHECO,19,male,urban,free,yes,0,1,0,0,0
1959,HENDERSON,80,male,urban,premium,always,0,3,0,0,0
1960,WOLFE,29,female,urban,free,yes,0,7,0,0,0
1961,BREWER,66,male,urban,free,never,0,3,0,0,0
1962,MULLINS,60,female,urban,free,never,1,1,0,0,0
1963,HOUSE,18,female,urban,free,yes,0,9,0,0,0
1964,BOONE,25,male,rural,premium,yes,6,6,0,0,0
1965,LEVINE,35,male,urban,free,never,0,0,0,0,0
1966,FREDERICK,60,male,urban,free,never,0,0,0,0,0
1967,HOWE,17,male,urban,premium,yes,3,3,0,0,0
1968,MATHIS,71,female,rural,free,never,0,4,0,0,0
1969,ATKINS,52,female,urban,free,always,1,1,0,0,0
1970,SHELTON,51,female,rural,premium,never,7,7,0,0,0
1971,BLANKENSHIP,32,male,urban,free,never,0,0,0,0,0
1972,OCHOA,35,male,urban,free,never,6,6,64,64,64
1973,BURT,42,male,urban,free,never,0,6,0,0,0
1974,DAVID,21,female,rural,premium,never,0,2,0,0,0
1975,RIDDLE,17,male,urban,premium,never,0,0,0,0,0
1976,LINDSAY,47,female,rural,free,yes,9,9,0,0,0
1977,HOLLOWAY,90,female,urban,free,never,0,0,0,0,89
1978,CASE,50,male,urban,free,never,0,0,0,0,0
1979,KANE,42,male,urban,free,never,0,0,0,0,0
1980,BUCK,52,male,urban,free,never,0,3,0,16,16
1981,GARNER,72,female,urban,free,never,0,3,0,0,0
1982,DELANEY,75,male,urban,free,never,0,2,0,0,0
1983,SHERMAN,63,female,urban,free,never,0,0,0,0,0
1984,BRANCH,65,male,urban,free,yes,0,6,0,0,0
1985,SERRANO,32,male,urban,premium,yes,2,21,0,0,0
1986,CHRISTENSEN,58,female,urban,free,yes,7,7,0,0,0
1987,MORAN,44,female,urban,free,never,0,0,0,0,0
1988,SEXTON,35,male,urban,premium,never,0,0,0,0,0
1989,KIRKLAND,52,female,rural,premium,yes,0,0,0,0,0
1990,MCMILLAN,55,male,rural,free,yes,0,12,0,0,0
1991,YOUNG,26,female,rural,free,never,0,0,0,0,0
1992,VANG,85,male,urban,free,always,0,0,0,0,0
1993,PIERCE,45,male,urban,free,never,0,11,0,11,11
1994,LARSEN,53,male,urban,premium,never,0,0,0,0,0
1995,SIMPSON,26,male,urban,free,never,0,0,0,0,0
1996,POTTS,51,female,urban,free,never,5,5,0,0,0
1997,RAMSEY,35,male,urban,free,never,3,10,46,131,131
1998,LOPEZ,81,female,rural,free,never,0,0,0,0,366
1999,CRUZ,27,male,rural,free,never,9,9,0,0,0
2000,ACEVEDO,19,male,rural,free,always,2,2,0,0,0
