Row,Response,Name,Age,Gender,Area,Email,Mobile,Logins 4 weeks,Logins 6 months,Sales 4 weeks,Sales 6 months,Sales Total
1,no,COX,64,female,urban,free,never,1,1,0,0,0
2,yes,FARLEY,49,male,urban,premium,never,0,4,0,0,0
3,no,HYDE,63,male,urban,free,never,0,0,0,0,0
4,yes,SANTIAGO,75,male,urban,premium,yes,0,0,0,0,0
5,no,COPELAND,37,female,urban,free,yes,0,0,0,0,62
6,yes,HUNT,30,male,urban,free,yes,0,8,0,30,30
7,yes,GILLESPIE,58,male,urban,free,yes,0,8,0,0,0
8,no,FREEMAN,35,female,urban,free,yes,0,0,0,0,0
9,no,HOBBS,21,female,urban,free,never,0,8,0,0,0
10,yes,CONLEY,35,male,urban,free,yes,0,0,0,0,155
11,no,PETERS,32,female,urban,free,never,0,1,0,0,0
12,yes,STEWART,46,male,rural,premium,never,3,3,0,0,0
13,no,FOWLER,38,female,urban,free,never,0,1,0,0,0
14,no,MAYNARD,61,male,rural,free,yes,0,0,0,0,0
15,no,WHITLEY,50,female,urban,premium,never,0,0,0,0,0
16,no,DILLON,32,female,rural,free,yes,0,5,0,0,0
17,no,WITT,17,male,urban,free,never,0,0,0,0,0
18,no,LAWRENCE,30,female,urban,free,never,0,0,0,0,0
19,yes,HINES,18,female,urban,premium,yes,0,0,0,0,0
20,no,ROBBINS,42,male,urban,free,never,0,1,0,0,0
21,no,DUNN,18,female,urban,free,never,0,0,0,0,0
22,no,CLAY,29,female,rural,free,never,0,0,0,0,0
23,no,DANIELS,85,female,urban,premium,never,0,0,0,0,68
24,yes,CARVER,23,male,urban,free,yes,0,0,0,0,0
25,no,MCCLAIN,78,female,urban,free,never,0,0,0,0,0
26,yes,SEARS,39,male,urban,free,yes,0,2,0,206,206
27,yes,MCKENZIE,33,male,urban,premium,never,6,6,0,0,74
28,no,ROJAS,27,female,urban,free,never,0,2,0,0,0
29,yes,HEBERT,62,female,urban,premium,never,10,33,0,0,0
30,no,LOPEZ,36,female,urban,free,never,0,0,0,0,0
31,no,ROGERS,65,male,urban,free,never,0,0,0,0,0
32,no,MCCALL,43,female,urban,free,never,0,0,0,0,0
33,no,CALDERON,43,female,rural,free,yes,0,0,0,0,0
34,no,ELLIS,21,female,urban,free,never,0,10,0,0,0
35,yes,RIVERA,55,male,urban,free,yes,0,0,0,0,0
36,no,FUENTES,22,female,urban,free,never,0,0,0,0,0
37,no,ROWE,45,female,urban,free,never,0,0,0,0,0
38,no,MALDONADO,49,female,urban,free,never,0,0,0,0,0
39,no,MURRAY,66,female,urban,free,never,0,3,0,0,0
40,no,CLAY,77,male,urban,free,yes,0,0,0,0,0
41,yes,THOMPSON,61,male,urban,free,yes,0,2,0,0,179
42,no,LARSON,46,female,urban,free,never,0,0,0,0,0
43,no,THOMPSON,75,male,rural,free,never,0,1,0,0,92
44,yes,TATE,57,female,urban,premium,yes,0,0,0,0,0
45,yes,HARRINGTON,59,male,urban,premium,never,0,0,0,0,0
46,no,CUNNINGHAM,41,female,urban,free,yes,0,0,0,0,0
47,yes,STEPHENS,79,female,urban,premium,never,14,31,0,0,0
48,yes,WALLACE,45,female,urban,free,never,12,12,47,47,47
49,yes,ROJAS,60,male,urban,free,yes,0,7,0,43,43
50,yes,SIMMONS,70,female,urban,free,yes,3,3,100,100,100
51,no,DANIEL,30,female,urban,free,never,0,0,0,0,0
52,no,AUSTIN,58,female,urban,free,yes,0,3,0,0,0
53,no,TURNER,24,female,urban,free,always,0,0,0,0,0
54,yes,GUERRERO,29,male,urban,premium,never,7,7,135,135,135
55,yes,ROSE,64,female,urban,premium,yes,5,5,111,111,111
56,no,SHAW,23,female,urban,free,yes,0,0,0,0,0
57,no,RAMOS,80,female,urban,free,yes,0,0,0,0,0
58,yes,VARGAS,36,male,urban,premium,always,0,5,0,0,0
59,no,PHILLIPS,36,male,rural,free,never,0,0,0,0,184
60,yes,BENSON,19,female,urban,premium,never,0,0,0,0,0
61,no,ATKINSON,66,female,urban,free,never,0,0,0,0,0
62,yes,LUCAS,37,female,urban,free,yes,7,8,0,175,175
63,no,HAYS,23,male,urban,free,never,0,0,0,0,226
64,no,BAILEY,23,female,urban,free,never,1,1,0,0,0
65,no,PATTON,47,female,urban,free,never,2,4,0,0,0
66,yes,HANSON,17,male,urban,free,never,17,17,0,0,0
67,yes,CALLAHAN,24,female,urban,free,yes,4,4,0,0,34
68,yes,DAVID,75,male,urban,premium,yes,0,0,0,0,0
69,no,DALE,31,male,urban,free,never,0,0,0,0,0
70,yes,MIRANDA,44,female,urban,free,never,16,16,0,0,195
71,yes,HUTCHINSON,67,female,urban,premium,never,0,3,0,0,0
72,yes,BAIRD,53,male,urban,free,yes,8,36,0,216,216
73,yes,BUCK,42,male,urban,premium,never,0,0,0,0,125
74,yes,SWEENEY,45,male,urban,free,never,11,24,101,101,101
75,no,BEASLEY,33,female,urban,free,never,0,2,0,6,6
76,no,PATEL,81,female,rural,free,yes,0,0,0,0,0
77,yes,CARPENTER,84,male,urban,premium,yes,9,9,0,0,45
78,yes,SYKES,66,female,urban,free,never,0,2,0,266,266
79,no,OLIVER,31,female,urban,free,never,0,0,0,0,0
80,no,FLYNN,53,female,urban,free,never,2,2,0,0,0
81,yes,COPELAND,55,female,rural,free,yes,9,9,0,0,0
82,yes,BLANCHARD,51,male,urban,premium,never,11,11,0,0,0
83,yes,RIOS,38,male,urban,premium,never,5,5,0,0,0
84,no,HANSON,56,female,urban,free,never,0,0,0,0,0
85,yes,NORRIS,20,male,urban,free,yes,0,0,0,0,0
86,no,HUNTER,26,female,rural,free,never,0,0,0,0,0
87,no,BLEVINS,58,female,urban,free,yes,0,0,0,0,0
88,no,GILMORE,32,male,rural,free,never,0,0,0,0,0
89,yes,PACHECO,51,female,urban,premium,never,9,9,0,0,244
90,yes,PRATT,37,female,urban,premium,yes,10,26,29,194,194
91,yes,MUNOZ,40,female,urban,free,yes,0,10,0,102,102
92,yes,RAMSEY,57,male,urban,premium,never,0,0,0,0,0
93,no,BRIGHT,60,female,urban,free,never,0,0,0,0,0
94,yes,PITTS,52,male,rural,free,never,0,5,0,134,134
95,no,WALKER,29,female,urban,free,never,0,0,0,0,0
96,no,CASH,40,male,rural,free,never,0,0,0,0,22
97,no,JONES,47,male,urban,free,never,0,5,0,0,0
98,no,TURNER,32,female,urban,free,never,0,0,0,0,199
99,no,STONE,81,female,urban,free,never,0,0,0,0,0
100,yes,GILMORE,18,female,urban,premium,never,0,4,0,0,0
101,yes,WALLER,27,female,urban,free,yes,7,7,0,0,0
102,yes,HOUSTON,25,male,urban,premium,never,0,0,0,0,0
103,yes,JACOBS,81,male,urban,premium,never,0,0,0,0,0
104,yes,HOLMES,36,male,urban,premium,never,0,0,0,0,0
105,yes,FLOYD,34,male,urban,free,never,4,4,0,0,0
106,yes,CHRISTENSEN,34,male,urban,free,yes,0,0,0,0,0
107,no,ELLISON,17,male,urban,free,never,0,3,0,17,93
108,no,FARLEY,33,male,urban,free,never,0,0,0,0,62
109,no,BENTON,81,male,urban,free,never,0,6,0,0,0
110,yes,CRUZ,22,female,urban,premium,never,12,12,0,0,0
111,yes,PENNINGTON,46,male,urban,free,yes,2,2,0,0,0
112,no,LOWE,38,male,urban,free,never,0,0,0,0,0
113,no,MCBRIDE,34,female,urban,free,always,5,5,0,0,0
114,no,WYATT,24,female,rural,free,never,0,0,0,0,35
115,no,FITZGERALD,39,female,rural,free,never,0,0,0,0,66
116,yes,CARPENTER,47,male,rural,premium,never,14,14,0,0,0
117,yes,HUNT,48,female,urban,premium,yes,0,5,0,0,0
118,yes,KNIGHT,19,male,urban,free,never,0,6,0,61,61
119,yes,MORTON,43,male,urban,free,yes,0,8,0,215,215
120,no,WOLF,50,male,urban,free,never,0,0,0,0,0
121,no,BALL,87,female,urban,premium,never,0,0,0,0,0
122,no,VALENTINE,60,female,urban,free,never,0,6,0,0,0
123,no,SKINNER,55,male,rural,free,never,0,0,0,0,0
124,yes,MONTOYA,59,male,urban,free,yes,0,0,0,0,0
125,no,LEONARD,61,male,urban,free,always,0,0,0,0,0
126,yes,MAYER,31,female,urban,premium,yes,7,7,0,0,0
127,yes,POTTER,36,female,urban,free,never,13,31,0,0,0
128,no,KIM,63,female,rural,free,never,0,0,0,0,0
129,yes,PUGH,46,male,urban,free,yes,4,18,0,0,0
130,yes,ARNOLD,60,male,urban,free,yes,0,2,0,0,0
131,yes,ANDERSON,27,male,urban,free,yes,0,0,0,0,0
132,no,BARRY,18,female,urban,free,yes,0,0,0,0,0
133,yes,STRICKLAND,39,male,urban,free,yes,16,16,0,0,0
134,no,KRAMER,38,male,urban,free,never,0,0,0,0,0
135,no,HAWKINS,86,male,rural,free,never,1,1,0,0,0
136,yes,SHEPHERD,21,male,urban,free,yes,0,0,0,0,0
137,yes,WILKINS,67,female,rural,premium,yes,8,8,0,0,0
138,no,GARZA,21,male,urban,free,never,0,6,0,0,0
139,no,BUCKLEY,29,male,urban,free,never,0,0,0,0,16
140,no,HENDRIX,51,female,urban,free,never,0,0,0,0,0
141,yes,JORDAN,62,male,urban,free,yes,0,0,0,0,0
142,yes,EVANS,66,male,urban,free,never,9,9,0,0,0
143,no,BRENNAN,23,male,urban,free,never,0,0,0,0,0
144,no,SANTOS,76,female,rural,premium,never,0,1,0,43,43
145,yes,BENTON,30,female,urban,free,yes,0,4,0,0,167
146,no,MILLER,90,female,rural,free,never,0,0,0,0,0
147,no,CLAY,72,female,urban,free,yes,0,4,0,0,0
148,no,JARVIS,58,female,urban,free,never,0,4,0,0,0
149,no,SOSA,84,female,urban,free,never,0,4,0,0,0
150,no,GRANT,30,male,urban,free,always,0,0,0,0,0
151,no,CONNER,37,male,rural,free,yes,0,2,0,15,15
152,no,MILLS,21,male,rural,free,never,0,0,0,0,0
153,yes,KRAMER,81,female,urban,free,yes,7,12,0,0,0
154,no,DOWNS,34,male,urban,free,never,0,7,0,0,0
155,yes,CHURCH,73,male,urban,free,yes,2,2,0,0,0
156,yes,COTE,25,female,urban,premium,yes,0,0,0,0,0
157,yes,MORENO,47,female,urban,free,never,8,8,33,33,33
158,yes,NORTON,61,male,urban,free,yes,8,8,0,0,47
159,no,SANFORD,21,male,urban,free,never,0,3,0,0,0
160,no,FERRELL,31,male,urban,free,never,0,0,0,0,0
161,no,FREEMAN,49,female,urban,free,yes,0,0,0,0,87
162,yes,OBRIEN,43,male,urban,premium,always,0,0,0,0,0
163,yes,AGUILAR,61,male,urban,free,yes,0,0,0,0,0
164,no,WARREN,24,male,rural,free,yes,0,0,0,0,0
165,no,BLEVINS,19,female,rural,free,never,0,4,0,0,0
166,no,BLEVINS,36,female,rural,premium,never,0,0,0,0,0
167,yes,BUSH,55,male,urban,free,yes,0,0,0,0,0
168,yes,LYNN,49,male,urban,free,never,13,13,104,104,104
169,no,FERGUSON,50,male,rural,free,yes,0,6,0,0,0
170,yes,BARR,32,male,urban,free,yes,0,0,0,0,0
171,yes,HENSON,90,male,urban,free,never,7,7,71,71,71
172,no,FRANKS,43,female,urban,premium,never,0,0,0,0,0
173,yes,PHILLIPS,57,male,rural,premium,never,0,3,0,0,0
174,no,CASE,17,female,urban,free,never,0,0,0,0,0
175,no,FITZGERALD,37,male,rural,free,never,0,5,0,78,78
176,no,HEBERT,57,female,urban,free,never,0,17,0,0,0
177,no,CANTU,31,male,urban,free,never,0,1,0,0,0
178,yes,SCHULTZ,52,male,rural,premium,yes,0,1,0,0,147
179,yes,MCKNIGHT,71,female,urban,free,never,5,5,110,110,110
180,no,RUSSO,71,female,rural,free,yes,0,0,0,0,0
181,no,GAINES,31,male,urban,free,always,0,0,0,0,0
182,yes,ZIMMERMAN,47,male,urban,free,never,0,9,0,300,396
183,yes,BATES,56,female,rural,free,yes,3,14,0,0,0
184,no,COCHRAN,42,female,rural,free,never,0,9,0,0,0
185,no,SUAREZ,27,female,urban,free,never,0,0,0,0,0
186,yes,BARRERA,55,male,urban,premium,yes,20,20,0,0,0
187,yes,RUSSELL,27,male,rural,free,yes,2,2,0,0,0
188,no,DOYLE,35,female,urban,free,never,0,7,0,0,0
189,no,KAUFMAN,23,female,urban,free,never,0,0,0,0,0
190,yes,CURTIS,29,male,urban,free,yes,0,0,0,0,0
191,no,FORD,45,male,urban,free,never,0,0,0,0,0
192,no,DURAN,55,female,urban,free,yes,0,4,0,0,0
193,no,MCCORMICK,37,female,urban,free,always,0,7,0,23,23
194,no,SIMS,55,female,rural,free,never,0,0,0,0,113
195,no,BUCK,68,male,urban,free,never,0,0,0,0,0
196,yes,MCFADDEN,45,female,urban,premium,never,0,1,0,0,0
197,yes,WILCOX,52,male,rural,premium,yes,11,11,0,0,0
198,yes,HANEY,61,male,urban,free,yes,0,0,0,0,0
199,no,LEWIS,29,female,urban,free,never,0,0,0,0,0
200,no,FORD,21,female,rural,free,never,0,0,0,0,0
201,yes,DAVENPORT,41,male,urban,free,yes,13,13,0,0,24
202,yes,STANLEY,30,female,urban,free,yes,6,16,44,310,310
203,no,HESTER,53,male,urban,free,never,0,0,0,0,0
204,yes,CURTIS,34,male,rural,premium,yes,0,0,0,0,0
205,no,KELLEY,78,male,rural,free,never,0,0,0,0,0
206,no,MCFARLAND,60,female,urban,free,never,0,3,0,82,82
207,yes,MATHIS,26,female,urban,premium,never,7,7,5,5,5
208,yes,ROCHA,49,female,urban,premium,never,0,5,0,0,0
209,no,HENRY,30,female,urban,free,yes,0,0,0,0,0
210,no,COMPTON,23,female,urban,free,never,0,7,0,0,0
211,yes,GOMEZ,88,male,urban,free,yes,8,22,0,0,0
212,no,GRAY,46,female,urban,premium,never,0,0,0,0,0
213,no,TERRELL,29,female,urban,free,never,0,0,0,0,0
214,no,SHEPPARD,27,male,urban,free,never,0,5,0,0,0
215,no,GILL,53,male,urban,free,never,0,0,0,0,0
216,no,GRIFFITH,84,male,urban,free,yes,0,0,0,0,0
217,no,HATFIELD,83,male,urban,free,never,0,0,0,0,0
218,no,HARTMAN,77,female,urban,free,yes,0,0,0,0,0
219,yes,BEASLEY,18,male,rural,free,yes,5,5,0,0,0
220,yes,TERRY,87,female,urban,premium,yes,3,3,67,67,259
221,yes,HUBER,44,male,urban,free,yes,0,3,0,0,0
222,yes,KENT,32,male,urban,premium,never,0,0,0,0,0
223,no,CALHOUN,29,female,urban,free,always,0,0,0,0,0
224,no,SHEPHERD,67,female,urban,free,yes,0,1,0,0,35
225,yes,SANCHEZ,43,male,rural,free,never,13,13,0,0,0
226,yes,HILL,31,male,urban,free,never,11,11,0,0,0
227,yes,SWANSON,29,male,urban,free,yes,0,0,0,0,0
228,yes,KEY,32,male,urban,premium,never,0,5,0,0,0
229,yes,WALSH,17,female,urban,free,never,5,12,0,0,55
230,no,NOEL,23,male,urban,free,never,0,0,0,0,0
231,yes,LYNN,89,female,urban,free,never,10,10,0,0,0
232,no,COOPER,27,female,rural,free,yes,0,0,0,0,0
233,no,HALE,56,female,urban,free,always,0,11,0,0,0
234,no,SHELTON,66,male,urban,free,never,0,7,0,0,0
235,yes,TALLEY,65,male,urban,free,always,0,8,0,0,431
236,yes,DODSON,59,male,urban,premium,never,0,7,0,240,240
237,yes,MCCALL,83,male,urban,free,yes,16,16,218,218,218
238,yes,HUBER,59,male,urban,free,yes,0,0,0,0,54
239,no,HOPPER,53,male,urban,free,never,0,2,0,0,0
240,yes,LITTLE,46,female,urban,free,never,8,17,0,0,0
241,no,KLEIN,32,female,urban,free,never,0,6,0,0,0
242,no,MORALES,54,male,urban,free,never,0,0,0,0,0
243,no,MCKINNEY,75,female,urban,free,never,0,0,0,0,0
244,no,RASMUSSEN,32,male,urban,free,always,0,0,0,0,0
245,no,MILES,42,female,urban,free,never,5,5,0,0,0
246,no,PETERSEN,77,female,urban,free,never,0,4,0,51,198
247,yes,MCLEAN,42,female,urban,free,yes,0,9,0,0,0
248,yes,BRIDGES,53,male,urban,free,never,1,17,0,0,0
249,no,DORSEY,33,female,urban,free,never,0,4,0,0,0
250,yes,BRIDGES,77,male,urban,premium,never,1,1,0,0,0
251,yes,PATRICK,40,female,urban,premium,never,0,0,0,0,0
252,yes,HART,62,male,urban,free,yes,0,0,0,0,0
253,no,ONEAL,37,male,rural,free,never,0,0,0,0,0
254,yes,BAIRD,21,male,rural,premium,never,0,3,0,0,0
255,no,GARDNER,30,male,rural,free,never,0,3,0,98,98
256,yes,CAREY,66,male,urban,free,yes,0,3,0,0,0
257,no,GROSS,69,female,urban,free,yes,0,0,0,0,0
258,yes,MANNING,55,female,urban,premium,never,0,0,0,0,237
259,yes,ORR,49,male,urban,free,yes,1,1,0,0,0
260,no,WOODS,44,male,urban,free,never,0,0,0,0,0
261,no,FINLEY,28,female,urban,free,yes,0,0,0,0,0
262,yes,FRANCO,39,male,rural,free,yes,0,6,0,0,0
263,no,CONLEY,36,male,urban,free,never,0,4,0,0,181
264,yes,HANSEN,76,female,urban,free,never,12,12,0,0,0
265,yes,ONEIL,39,male,urban,free,yes,0,0,0,0,0
266,no,CASTILLO,65,male,urban,free,never,0,0,0,0,0
267,no,PUGH,50,female,urban,free,yes,2,2,0,0,0
268,no,FITZPATRICK,18,female,rural,free,never,0,3,0,24,24
269,yes,RICHARD,59,male,rural,premium,never,0,1,0,0,0
270,yes,SIMON,44,male,urban,free,yes,0,1,0,96,96
271,no,BARRY,76,female,urban,free,never,5,5,0,0,0
272,yes,ALBERT,56,male,urban,free,never,7,7,0,0,0
273,no,HAMMOND,88,female,urban,free,never,4,4,0,0,0
274,yes,FINCH,44,female,urban,premium,never,0,6,0,0,0
275,no,SLOAN,50,male,urban,free,always,0,0,0,0,0
276,no,KNIGHT,44,male,urban,free,never,0,0,0,0,0
277,no,BECK,51,female,urban,free,never,6,6,0,0,0
278,no,SALINAS,46,male,rural,free,never,2,2,0,0,0
279,no,MIRANDA,35,female,rural,free,never,0,0,0,0,133
280,no,WEEKS,23,male,rural,free,yes,0,0,0,0,0
281,yes,SALAZAR,27,female,urban,premium,yes,0,4,0,0,0
282,yes,KNAPP,34,male,urban,premium,never,0,10,0,0,0
283,yes,EWING,21,male,urban,free,never,6,6,0,0,0
284,yes,CAMACHO,58,female,urban,free,never,2,29,0,0,50
285,yes,PEREZ,59,female,urban,premium,yes,0,5,0,0,0
286,no,SALINAS,56,female,rural,free,always,0,0,0,0,0
287,yes,WEBER,57,female,urban,free,never,13,25,0,171,171
288,no,HOLCOMB,57,female,urban,free,yes,0,0,0,0,0
289,no,ALSTON,59,female,urban,free,never,0,3,0,0,0
290,yes,MCLAUGHLIN,27,female,urban,free,yes,0,5,0,111,111
291,no,MEADOWS,59,male,urban,free,never,0,9,0,0,19
292,no,HINTON,36,female,urban,free,never,0,0,0,0,0
293,yes,FROST,55,female,urban,free,never,11,11,88,88,88
294,no,DIAZ,47,female,rural,free,never,0,0,0,0,0
295,yes,CASH,45,female,urban,free,yes,9,9,0,0,0
296,no,HARRELL,73,male,urban,free,never,0,5,0,7,7
297,no,BALDWIN,55,male,rural,free,never,0,0,0,0,0
298,yes,MCLEOD,86,male,urban,premium,always,10,17,0,0,0
299,no,HATFIELD,28,female,urban,free,yes,0,0,0,0,0
300,no,JACKSON,28,female,urban,free,never,0,0,0,0,0
301,yes,GUTHRIE,43,female,urban,premium,yes,0,6,0,66,66
302,no,FLYNN,44,female,urban,free,yes,0,0,0,0,0
303,yes,NOBLE,55,female,urban,free,never,0,4,0,286,286
304,yes,HARDY,61,male,urban,free,never,6,6,0,0,0
305,yes,WOODARD,52,male,urban,premium,yes,0,4,0,218,218
306,no,BOONE,64,male,urban,free,never,0,5,0,0,0
307,no,KELLER,56,female,urban,free,never,0,9,0,0,0
308,no,VINCENT,24,female,urban,free,yes,0,0,0,0,0
309,no,PHILLIPS,50,female,urban,free,yes,0,0,0,0,0
310,no,GALLOWAY,60,female,urban,free,yes,0,2,0,0,0
311,yes,LANG,32,female,urban,free,never,11,11,0,0,0
312,no,CHAMBERS,26,female,urban,free,never,0,0,0,0,56
313,yes,SPENCE,37,female,urban,premium,yes,15,37,0,153,206
314,yes,TERRELL,26,male,urban,premium,yes,0,6,0,0,0
315,no,WARNER,26,female,urban,free,never,0,0,0,0,0
316,yes,TYSON,44,male,urban,free,yes,3,3,0,0,0
317,no,SHARPE,70,female,urban,free,never,0,2,0,0,100
318,yes,ROBERSON,81,male,urban,free,never,5,5,0,0,0
319,yes,NUNEZ,52,male,urban,free,yes,0,3,0,0,0
320,yes,KIRKLAND,51,male,urban,free,yes,11,14,0,0,0
321,yes,DALE,50,female,urban,free,never,8,8,0,0,0
322,no,GILBERT,48,male,urban,free,never,0,0,0,0,0
323,no,DOWNS,28,male,rural,free,never,0,0,0,0,0
324,no,HEAD,76,female,urban,free,never,4,4,0,0,0
325,yes,MCGEE,34,female,urban,free,yes,4,24,0,0,0
326,no,HODGES,67,male,urban,free,yes,0,0,0,0,0
327,no,DAY,52,male,rural,free,never,0,0,0,0,0
328,yes,AGUILAR,50,male,rural,premium,never,0,0,0,0,0
329,no,HOPKINS,54,male,urban,free,never,0,2,0,0,0
330,no,AVERY,66,female,urban,free,always,0,9,0,0,0
331,yes,PRATT,26,male,urban,free,yes,0,0,0,0,0
332,yes,BALL,59,male,rural,free,yes,5,9,0,125,153
333,no,RICH,24,male,urban,free,never,0,0,0,0,16
334,yes,CONLEY,60,male,urban,free,never,10,10,0,0,0
335,yes,SPARKS,24,male,urban,free,yes,0,3,0,46,46
336,no,FLORES,68,female,urban,free,never,0,0,0,0,0
337,yes,BAUER,38,male,urban,premium,always,0,0,0,0,0
338,yes,DIXON,27,male,urban,free,yes,0,0,0,0,0
339,yes,LAWSON,32,female,urban,free,never,8,8,0,0,0
340,yes,CARR,27,male,urban,free,never,14,16,63,63,63
341,no,BRADY,41,female,rural,free,always,0,6,0,46,306
342,no,MOSES,22,male,rural,free,never,0,3,0,0,0
343,no,RICHARDSON,31,male,urban,free,never,0,0,0,0,0
344,yes,SYKES,78,male,urban,free,never,0,3,0,190,190
345,no,BEST,56,female,urban,free,yes,0,0,0,0,0
346,yes,KENNEDY,35,male,urban,premium,never,0,0,0,0,0
347,yes,ROTH,78,male,urban,premium,yes,0,0,0,0,0
348,yes,GARCIA,40,male,urban,premium,never,0,0,0,0,0
349,no,DELEON,45,male,urban,free,never,3,3,0,0,0
350,no,SINGLETON,17,male,urban,free,never,0,3,0,0,0
351,no,GARZA,85,male,rural,free,never,6,6,0,0,130
352,yes,DELEON,38,male,urban,premium,never,3,3,0,0,0
353,yes,FREDERICK,77,male,urban,premium,never,0,0,0,0,0
354,no,MATHEWS,64,female,urban,free,never,0,0,0,0,0
355,no,WITT,29,female,urban,free,yes,0,0,0,0,0
356,yes,MONTGOMERY,33,male,urban,free,never,5,5,0,0,0
357,yes,ROACH,58,female,urban,free,always,0,7,0,161,161
358,yes,MORROW,19,male,rural,free,yes,0,4,0,71,71
359,yes,MORRISON,79,female,urban,premium,yes,0,0,0,0,225
360,no,JIMENEZ,50,female,urban,free,never,0,6,0,43,43
361,no,WILLIAM,21,female,urban,free,never,0,2,0,0,0
362,no,MORTON,63,female,urban,free,yes,0,0,0,0,0
363,yes,BLANKENSHIP,52,male,urban,free,never,0,5,0,180,260
364,no,FINCH,57,female,urban,free,never,0,10,0,0,0
365,no,SHELTON,71,female,rural,free,yes,0,4,0,98,98
366,yes,MOSES,28,male,urban,free,yes,2,2,0,0,0
367,yes,DALTON,63,male,urban,premium,never,0,4,0,0,0
368,yes,HAYNES,73,female,urban,premium,yes,0,0,0,0,0
369,no,YOUNG,19,female,urban,free,never,0,0,0,0,0
370,yes,CARDENAS,17,male,urban,free,yes,0,0,0,0,0
371,no,PATE,54,female,rural,free,yes,3,3,0,0,0
372,yes,SWEET,49,male,urban,free,yes,0,0,0,0,0
373,yes,CHERRY,53,male,urban,premium,yes,0,0,0,0,0
374,no,WELLS,64,female,urban,free,yes,0,0,0,0,99
375,no,MURRAY,55,female,urban,free,never,0,0,0,0,0
376,no,MERCER,31,female,rural,free,yes,0,0,0,0,0
377,no,PUCKETT,54,female,rural,free,never,0,0,0,0,0
378,no,HYDE,48,female,rural,free,never,0,0,0,0,0
379,no,RAY,45,male,urban,free,never,0,0,0,0,101
380,no,CLEVELAND,32,male,urban,free,never,0,5,0,0,0
381,no,MERCADO,47,female,urban,free,never,0,0,0,0,112
382,yes,CASTANEDA,81,female,urban,premium,yes,0,8,0,0,109
383,yes,WIGGINS,44,male,urban,premium,never,0,0,0,0,172
384,no,GRIFFITH,23,female,urban,free,never,0,4,0,0,0
385,no,KNIGHT,59,female,urban,free,never,0,0,0,0,0
386,yes,SWEENEY,50,female,urban,free,yes,2,2,86,86,160
387,yes,WALLS,53,male,urban,premium,never,2,2,0,0,0
388,yes,SCHMIDT,77,male,urban,premium,never,0,0,0,0,0
389,no,CROSBY,48,female,urban,free,yes,0,3,0,0,0
390,no,CASTILLO,41,female,urban,free,never,0,0,0,0,0
391,no,HARPER,53,female,urban,free,never,2,2,0,0,0
392,yes,NEAL,53,male,urban,free,yes,0,3,0,0,0
393,yes,POLLARD,26,male,rural,free,never,18,18,124,124,124
394,no,HOPKINS,85,male,urban,free,never,4,4,0,0,0
395,yes,CHANDLER,47,male,urban,free,never,7,7,39,39,39
396,no,MYERS,34,female,urban,free,never,6,6,0,0,0
397,yes,HUTCHINSON,46,male,urban,premium,yes,0,0,0,0,0
398,no,ODOM,77,male,urban,free,yes,0,0,0,0,0
399,no,MERCADO,33,male,urban,free,never,0,0,0,0,0
400,yes,REID,25,female,urban,free,never,19,33,0,0,0
401,yes,MCGUIRE,20,male,urban,free,never,10,10,0,0,0
402,no,ROSS,45,female,urban,free,never,4,4,0,0,0
403,yes,GLOVER,22,male,urban,free,yes,0,5,0,0,0
404,no,SINGLETON,23,female,rural,premium,never,0,2,0,2,2
405,yes,LAMB,55,female,urban,premium,yes,0,3,0,0,0
406,no,DOMINGUEZ,41,male,urban,free,never,0,0,0,0,0
407,no,PATTERSON,22,male,urban,free,never,0,0,0,0,96
408,yes,CABRERA,39,male,urban,free,never,0,6,0,255,255
409,no,BALLARD,40,female,urban,free,yes,0,0,0,0,0
410,no,BOND,48,male,urban,free,never,0,0,0,0,0
411,yes,CARPENTER,64,male,urban,premium,never,0,0,0,0,0
412,yes,MCCONNELL,66,male,urban,premium,never,0,0,0,0,0
413,yes,JARVIS,44,male,urban,free,never,7,7,0,0,0
414,no,STOUT,34,female,urban,free,yes,0,4,0,0,0
415,no,SPARKS,47,female,urban,free,never,1,1,0,0,176
416,yes,COMBS,24,female,urban,free,yes,4,4,0,0,0
417,yes,PUGH,34,male,urban,premium,never,4,4,0,0,0
418,no,MCINTOSH,45,male,rural,free,never,0,0,0,0,0
419,yes,RUSSO,49,male,urban,premium,yes,0,0,0,0,151
420,no,FULLER,34,female,urban,free,yes,0,0,0,0,0
421,no,LINDSAY,56,female,urban,free,yes,0,9,0,0,0
422,yes,GIBSON,75,female,urban,free,never,19,19,39,39,39
423,yes,MCINTYRE,44,male,rural,premium,never,6,21,0,122,122
424,no,DEAN,58,female,urban,free,never,0,0,0,0,0
425,yes,CAMACHO,43,male,urban,free,yes,0,0,0,0,0
426,yes,COOLEY,33,female,urban,premium,never,6,6,0,0,0
427,no,ESTRADA,52,male,urban,free,never,3,3,0,0,0
428,yes,MERRITT,19,male,rural,free,yes,7,7,0,0,0
429,yes,CROSBY,42,female,urban,free,yes,25,25,145,145,145
430,no,POPE,43,male,urban,free,never,0,0,0,0,0
431,no,GILL,58,female,urban,free,never,0,0,0,0,0
432,yes,WITT,82,female,urban,premium,yes,0,2,0,0,0
433,yes,COFFEY,77,male,urban,premium,never,0,4,0,0,0
434,no,CHAVEZ,30,female,urban,free,never,0,0,0,0,0
435,no,HORTON,29,male,urban,free,never,0,8,0,0,0
436,no,MITCHELL,22,male,urban,free,never,0,5,0,0,0
437,yes,RUSSELL,44,female,urban,premium,yes,0,0,0,0,0
438,yes,HARDY,54,male,urban,free,yes,6,10,31,31,31
439,no,JOHNSTON,26,female,urban,free,never,0,3,0,63,213
440,yes,HEBERT,48,male,urban,premium,never,0,2,0,0,0
441,yes,MCCARTY,38,female,urban,premium,yes,2,19,89,89,89
442,yes,ZIMMERMAN,18,male,urban,premium,never,0,6,0,0,267
443,yes,LONG,38,female,urban,free,never,7,7,48,48,48
444,no,HEWITT,24,female,rural,free,never,0,0,0,0,0
445,no,MALDONADO,18,male,urban,free,never,0,0,0,0,0
446,yes,SANFORD,73,male,urban,free,yes,0,9,0,0,0
447,no,TYSON,43,male,urban,free,never,0,0,0,0,342
448,yes,RANDALL,38,male,urban,free,never,0,12,0,0,0
449,yes,PETTY,33,female,urban,premium,yes,0,5,0,0,0
450,yes,COMPTON,68,female,urban,premium,yes,0,5,0,0,0
451,no,BLANKENSHIP,29,male,rural,free,yes,0,0,0,0,0
452,no,FITZPATRICK,75,male,rural,free,yes,0,0,0,0,0
453,no,HENRY,51,female,urban,free,never,0,4,0,0,0
454,no,WILKINSON,91,male,urban,free,never,0,4,0,0,0
455,yes,LOPEZ,30,male,urban,free,yes,0,0,0,0,0
456,no,ESTRADA,46,male,urban,free,never,0,0,0,0,0
457,no,CARROLL,52,male,urban,free,never,0,3,0,0,0
458,yes,MOON,17,female,urban,premium,never,0,6,0,0,0
459,yes,HUFFMAN,43,male,rural,premium,never,0,0,0,0,0
460,no,PRATT,43,female,urban,premium,never,0,0,0,0,0
461,no,LANGLEY,39,male,urban,free,never,2,2,0,0,0
462,no,SCHROEDER,46,male,urban,free,always,0,0,0,0,9
463,yes,TYLER,86,male,urban,premium,yes,0,0,0,0,0
464,no,GARNER,24,male,urban,free,never,0,0,0,0,0
465,yes,FERNANDEZ,74,male,urban,free,never,5,5,78,78,263
466,no,WATSON,17,female,urban,free,never,0,0,0,0,0
467,no,COMPTON,40,male,urban,free,never,0,0,0,0,67
468,no,DANIEL,45,female,urban,free,never,0,0,0,0,0
469,no,GOOD,51,male,urban,free,never,0,2,0,0,0
470,yes,NOEL,26,male,urban,free,yes,0,0,0,0,0
471,yes,LUCAS,29,male,urban,premium,never,0,0,0,0,0
472,no,MORTON,57,male,urban,free,never,0,0,0,0,0
473,yes,ONEIL,46,male,urban,premium,never,0,3,0,0,0
474,yes,GUTHRIE,45,male,urban,free,yes,8,12,0,108,225
475,no,HERMAN,72,male,urban,free,never,3,3,0,0,0
476,yes,OLIVER,27,male,rural,premium,yes,0,0,0,0,0
477,yes,JUSTICE,57,female,urban,free,yes,5,21,69,69,69
478,no,VANG,47,male,urban,free,never,0,2,0,0,0
479,yes,SHEPARD,30,male,urban,free,never,16,16,0,0,0
480,no,FRANCO,28,female,urban,free,always,0,3,0,0,0
481,yes,LYNCH,83,female,urban,free,never,13,13,0,0,0
482,no,HENDRICKS,63,female,urban,premium,never,0,0,0,0,0
483,yes,LANCASTER,31,male,urban,free,never,2,2,120,120,120
484,no,GARRISON,55,male,urban,free,never,0,0,0,0,52
485,yes,HOBBS,50,female,urban,premium,yes,0,0,0,0,0
486,yes,RUTLEDGE,27,male,urban,free,always,6,6,0,0,0
487,no,PARRISH,21,female,urban,free,never,0,12,0,0,0
488,no,GRANT,69,female,rural,free,never,0,0,0,0,0
489,yes,PITTS,83,male,rural,free,yes,9,9,0,0,0
490,no,POTTER,65,male,rural,free,yes,0,5,0,0,0
491,yes,MATHEWS,54,male,urban,free,never,5,5,0,0,0
492,yes,FLOYD,57,female,urban,free,yes,2,14,0,106,106
493,yes,COTTON,37,male,urban,free,never,4,10,4,130,130
494,yes,HORN,57,female,rural,premium,yes,0,0,0,0,0
495,yes,PRICE,32,female,urban,premium,never,0,0,0,0,0
496,no,DUNCAN,48,male,urban,free,never,0,0,0,0,0
497,yes,WALKER,68,male,urban,premium,yes,0,1,0,234,234
498,no,GREEN,30,male,urban,free,never,1,1,0,0,0
499,yes,NIELSEN,29,male,urban,premium,yes,4,19,0,0,0
500,yes,HARPER,59,male,urban,free,never,11,11,0,0,0
501,no,HOUSTON,36,female,urban,free,never,0,0,0,0,0
502,yes,JOHNS,60,female,urban,premium,never,4,4,18,18,18
503,no,SAVAGE,28,female,urban,free,yes,0,0,0,0,0
504,yes,FRANKLIN,39,male,urban,free,never,9,9,39,39,39
505,no,HOGAN,46,female,urban,premium,never,0,0,0,0,0
506,no,KENNEDY,31,male,rural,free,never,0,0,0,0,0
507,yes,BOWMAN,36,male,rural,free,yes,0,8,0,0,0
508,no,PADILLA,35,female,urban,free,yes,0,0,0,0,0
509,yes,GIBSON,60,male,urban,free,yes,0,11,0,0,0
510,no,WORKMAN,82,female,urban,premium,never,0,2,0,0,0
511,yes,HUNTER,84,male,urban,premium,never,0,0,0,0,0
512,no,SANDOVAL,61,female,urban,free,never,0,0,0,0,0
513,yes,LEON,42,male,urban,free,never,10,10,0,0,0
514,no,HUFFMAN,52,female,urban,free,never,0,0,0,0,0
515,no,NUNEZ,32,female,urban,free,never,0,0,0,0,0
516,no,STAFFORD,60,male,urban,free,never,2,2,0,0,0
517,no,BUCKNER,46,male,urban,free,never,0,0,0,0,0
518,no,SCHULTZ,38,female,urban,free,never,0,7,0,0,0
519,yes,PAYNE,19,male,urban,free,yes,0,0,0,0,56
520,no,GENTRY,40,female,rural,free,never,0,2,0,183,183
521,no,STEPHENS,39,male,urban,free,never,0,0,0,0,0
522,yes,BLACKBURN,18,male,urban,free,always,0,3,0,299,299
523,yes,MULLEN,42,male,urban,free,yes,0,0,0,0,0
524,yes,HARRIS,20,female,urban,free,yes,7,7,72,72,72
525,no,SOTO,33,male,urban,free,never,0,0,0,0,0
526,no,CHAMBERS,68,female,urban,free,always,0,0,0,0,0
527,no,WHITFIELD,24,female,urban,free,never,3,3,0,0,0
528,no,REEVES,29,female,rural,free,never,0,3,0,0,0
529,yes,VARGAS,21,female,urban,free,yes,0,6,0,0,0
530,no,WILEY,82,male,urban,free,never,3,3,0,0,0
531,no,WOODS,21,male,urban,free,never,0,0,0,0,162
532,no,CHRISTIAN,29,male,urban,free,never,0,1,0,57,57
533,no,POTTS,72,female,urban,free,never,4,4,0,0,0
534,no,HUTCHINSON,49,male,urban,free,never,0,0,0,0,0
535,no,CARTER,37,male,urban,free,never,0,1,0,0,56
536,yes,ATKINSON,42,female,urban,premium,never,0,5,0,140,140
537,no,MOORE,60,female,urban,free,never,0,0,0,0,0
538,no,BOWERS,72,male,urban,free,never,0,0,0,0,0
539,yes,ROSALES,53,male,urban,free,yes,0,0,0,0,28
540,yes,MICHAEL,37,male,urban,premium,yes,4,4,0,0,0
541,no,RANDALL,90,female,urban,free,never,0,2,0,35,35
542,no,MORGAN,48,male,urban,free,never,0,0,0,0,76
543,no,COLLINS,41,female,urban,free,never,0,7,0,0,0
544,no,MONTGOMERY,29,female,urban,free,yes,0,5,0,0,0
545,no,FULTON,37,female,rural,free,never,0,0,0,0,0
546,no,PRESTON,68,male,urban,free,always,0,9,0,0,0
547,yes,NICHOLS,33,female,urban,premium,always,7,7,0,0,0
548,yes,JUAREZ,46,female,urban,premium,never,0,7,0,0,0
549,no,BRADLEY,45,female,rural,free,never,0,0,0,0,126
550,no,SHAW,59,male,urban,free,never,0,5,0,0,0
551,yes,LLOYD,54,male,urban,free,never,0,8,0,0,204
552,no,BAIRD,21,female,urban,free,never,0,2,0,0,0
553,no,DAVID,47,male,rural,free,yes,0,0,0,0,0
554,yes,SCHROEDER,62,male,urban,free,yes,6,8,0,0,0
555,no,STRONG,23,male,rural,free,always,0,0,0,0,0
556,no,MCMAHON,81,male,urban,free,never,0,12,0,0,0
557,no,FROST,23,male,urban,free,never,0,0,0,0,0
558,yes,SWEET,17,female,urban,premium,never,0,0,0,0,0
559,no,BARNES,64,female,rural,free,never,0,0,0,0,0
560,no,RUTLEDGE,73,male,rural,premium,always,0,0,0,0,0
561,yes,CHANDLER,29,female,rural,free,yes,0,6,0,120,120
562,no,PHILLIPS,62,female,urban,free,never,0,3,0,0,0
563,yes,LARSON,39,male,urban,free,yes,2,2,0,0,219
564,no,HERNANDEZ,42,male,urban,free,never,0,0,0,0,0
565,no,WILLIS,47,female,urban,free,never,0,6,0,0,0
566,yes,CRANE,33,female,urban,premium,never,0,0,0,0,0
567,yes,BANKS,57,male,urban,free,yes,7,7,0,0,0
568,no,GARRETT,32,female,urban,free,yes,0,0,0,0,0
569,no,CORTEZ,38,female,urban,free,never,0,0,0,0,0
570,no,LEVY,20,female,urban,free,never,0,1,0,0,0
571,yes,MCINTOSH,45,female,urban,premium,yes,0,0,0,0,0
572,no,RIGGS,66,male,urban,free,never,0,0,0,0,0
573,yes,MACIAS,68,female,rural,premium,yes,0,0,0,0,0
574,no,WATTS,88,male,urban,free,never,0,0,0,0,0
575,no,BRIGHT,23,female,urban,free,never,0,0,0,0,0
576,no,BAXTER,24,female,urban,free,never,3,3,0,0,0
577,no,SLOAN,63,male,rural,free,yes,0,6,0,0,0
578,no,GARDNER,34,male,urban,free,never,0,4,0,0,0
579,no,GRIFFIN,20,female,rural,premium,never,0,5,0,0,0
580,yes,CHAN,29,female,rural,premium,yes,0,0,0,0,0
581,no,GOMEZ,54,female,urban,free,never,0,0,0,0,0
582,no,GARRETT,35,male,urban,free,never,0,0,0,0,0
583,no,MORALES,43,male,rural,free,never,0,0,0,0,0
584,no,CARR,48,male,urban,free,never,0,0,0,0,0
585,no,MERRILL,75,male,rural,free,yes,0,3,0,0,0
586,yes,RUSH,60,male,urban,free,yes,0,8,0,0,0
587,no,HOLLOWAY,46,female,urban,free,never,0,0,0,0,0
588,no,SHEPPARD,24,male,urban,free,never,0,0,0,0,0
589,no,HALE,46,male,rural,free,never,0,0,0,0,0
590,no,WALSH,42,male,urban,free,never,0,0,0,0,0
591,no,HARRINGTON,19,female,urban,free,never,0,2,0,0,0
592,no,AUSTIN,24,male,urban,free,never,0,0,0,0,0
593,no,SPENCE,35,male,urban,free,never,0,4,0,0,0
594,yes,NICHOLSON,42,female,rural,premium,yes,0,1,0,0,0
595,yes,CURTIS,31,male,urban,free,never,6,6,46,46,46
596,yes,SLOAN,41,male,urban,free,never,0,12,0,122,122
597,yes,BLACKWELL,58,female,urban,premium,never,0,0,0,0,211
598,no,RUSSO,68,female,urban,free,never,1,1,0,0,0
599,no,KANE,40,male,rural,free,yes,0,2,0,0,0
600,no,GILLIAM,49,female,rural,premium,never,0,0,0,0,52
601,yes,TURNER,36,male,urban,free,yes,0,4,0,0,0
602,yes,STEIN,68,male,urban,free,yes,0,0,0,0,54
603,yes,BOOKER,72,male,urban,premium,never,0,0,0,0,0
604,no,SANDOVAL,84,female,urban,free,never,0,0,0,0,7
605,yes,HUNT,41,male,urban,free,yes,14,14,0,0,0
606,no,MCKINNEY,72,female,urban,free,never,5,5,0,0,0
607,no,POWELL,52,male,urban,free,never,0,0,0,0,46
608,no,BEST,64,female,urban,free,yes,0,0,0,0,0
609,no,TYLER,35,male,urban,free,never,0,0,0,0,0
610,yes,MOODY,31,female,urban,premium,never,11,11,0,0,49
611,no,STOKES,36,male,rural,free,never,0,0,0,0,0
612,no,HODGES,43,female,rural,free,yes,0,0,0,0,0
613,no,DUNN,33,male,rural,free,yes,0,0,0,0,0
614,yes,GLASS,58,male,urban,free,never,0,3,0,68,68
615,yes,WILLIAM,35,female,rural,premium,yes,5,27,0,0,0
616,yes,CONTRERAS,79,male,urban,free,yes,0,1,0,0,0
617,no,KEY,53,male,urban,free,never,0,0,0,0,33
618,no,JAMES,38,female,rural,free,yes,0,6,0,73,73
619,yes,GATES,63,male,urban,free,yes,0,3,0,0,0
620,yes,DONOVAN,30,female,urban,premium,never,0,0,0,0,0
621,no,GRAY,26,female,urban,free,never,0,0,0,0,0
622,no,WALTON,86,male,rural,premium,never,0,0,0,0,0
623,yes,DEAN,40,female,urban,free,yes,3,3,0,0,0
624,no,FARLEY,64,female,urban,free,yes,0,0,0,0,0
625,no,COLLIER,70,female,urban,free,yes,0,0,0,0,0
626,yes,BEACH,27,male,urban,free,yes,0,7,0,203,203
627,yes,MAYO,20,female,urban,free,never,12,19,0,0,0
628,yes,DURHAM,36,male,urban,premium,never,0,0,0,0,0
629,no,MULLEN,33,male,urban,free,never,0,0,0,0,0
630,no,JOYCE,71,female,urban,free,never,0,3,0,104,104
631,no,WEBB,39,female,urban,free,yes,0,0,0,0,0
632,yes,ODOM,41,female,urban,free,yes,0,8,0,0,424
633,no,LONG,41,female,urban,free,never,0,12,0,0,0
634,no,TURNER,69,female,urban,premium,never,0,0,0,0,0
635,no,ROBBINS,17,female,rural,free,always,0,0,0,0,0
636,no,BARLOW,19,female,urban,free,never,0,0,0,0,0
637,yes,PENA,54,female,urban,free,yes,3,3,54,54,54
638,no,GUY,51,female,urban,free,never,0,0,0,0,0
639,yes,LAMB,41,female,urban,premium,never,8,8,0,0,48
640,no,HARRINGTON,41,female,urban,free,never,0,0,0,0,0
641,no,RIVAS,50,male,urban,free,never,0,0,0,0,0
642,yes,HOLLAND,47,male,urban,premium,never,0,0,0,0,0
643,no,HOOD,25,female,urban,free,yes,0,0,0,0,0
644,no,SANDERS,22,female,rural,free,yes,4,4,0,0,0
645,yes,LARSEN,54,male,urban,free,yes,1,1,0,0,0
646,no,NEWTON,19,male,urban,free,never,0,0,0,0,0
647,no,OWENS,34,female,urban,free,never,0,0,0,0,0
648,yes,GUTHRIE,22,male,urban,free,yes,18,18,0,0,0
649,yes,GRIMES,40,female,urban,premium,yes,0,0,0,0,0
650,no,MARKS,56,male,urban,free,always,0,0,0,0,0
651,no,SUAREZ,53,male,urban,free,never,0,2,0,0,0
652,no,REID,33,male,urban,free,always,0,0,0,0,0
653,no,HENDERSON,33,female,urban,free,never,0,6,0,0,0
654,yes,MCCOY,60,female,urban,premium,yes,0,0,0,0,0
655,no,JOHNSTON,40,male,rural,free,yes,0,0,0,0,0
656,yes,MCCARTY,40,male,urban,free,never,3,3,87,87,87
657,no,COOKE,22,male,urban,free,never,2,2,0,0,0
658,yes,LOWE,18,female,urban,free,yes,13,13,0,0,0
659,no,MONROE,64,female,rural,free,never,0,0,0,0,0
660,no,LANCASTER,26,female,urban,free,never,0,2,0,0,0
661,yes,KEY,78,male,urban,free,yes,12,20,0,53,53
662,yes,MCCORMICK,43,male,urban,free,yes,0,4,0,0,0
663,no,MATTHEWS,81,female,urban,free,never,0,0,0,0,0
664,yes,YORK,33,male,urban,free,yes,0,0,0,0,0
665,no,MORRIS,71,male,rural,free,never,0,1,0,112,112
666,no,ONEILL,30,female,urban,free,never,0,3,0,0,0
667,yes,NOLAN,21,male,urban,free,yes,0,0,0,0,0
668,no,GILBERT,17,female,urban,free,yes,0,0,0,0,0
669,yes,OWEN,37,male,urban,premium,never,0,0,0,0,0
670,no,BARBER,22,female,urban,free,never,3,3,0,0,0
671,no,REYNOLDS,50,female,urban,premium,never,0,0,0,0,0
672,no,BARNES,83,male,urban,free,never,0,0,0,0,0
673,yes,GILL,37,female,rural,premium,never,0,12,0,267,267
674,yes,BERGER,41,male,urban,premium,yes,0,0,0,0,0
675,no,MORGAN,57,male,urban,free,never,0,5,0,0,0
676,yes,BENTLEY,39,male,rural,free,yes,2,2,0,0,0
677,no,UNDERWOOD,72,female,urban,free,always,0,0,0,0,0
678,no,RANDOLPH,79,male,rural,free,never,0,0,0,0,0
679,no,HOGAN,31,female,urban,free,never,0,2,0,20,20
680,no,GALLOWAY,49,female,urban,free,never,0,3,0,52,52
681,no,ADAMS,62,male,rural,free,yes,0,0,0,0,0
682,no,MACDONALD,90,female,rural,free,never,0,0,0,0,0
683,no,ZAMORA,42,female,urban,free,yes,0,0,0,0,0
684,no,CUNNINGHAM,48,male,urban,free,never,0,0,0,0,0
685,no,CANNON,61,female,urban,free,yes,0,0,0,0,0
686,no,NELSON,23,female,rural,free,never,7,7,0,0,0
687,no,BATES,52,female,urban,free,never,0,0,0,0,0
688,yes,MCNEIL,32,male,urban,premium,never,0,8,0,0,0
689,no,SALINAS,21,male,rural,free,never,0,0,0,0,0
690,yes,ROBLES,17,male,urban,premium,never,0,0,0,0,0
691,no,SHAFFER,55,male,urban,free,never,0,0,0,0,0
692,no,WEBER,59,female,urban,free,yes,0,0,0,0,0
693,no,JIMENEZ,20,male,urban,free,never,0,0,0,0,0
694,yes,NEWTON,35,male,urban,free,yes,0,0,0,0,0
695,yes,BAKER,24,female,urban,premium,yes,0,0,0,0,0
696,no,HERMAN,40,female,urban,free,never,0,2,0,0,0
697,no,FARMER,31,male,rural,free,yes,0,0,0,0,0
698,no,RODRIQUEZ,20,female,rural,free,never,0,4,0,0,166
699,no,MAYS,43,female,urban,free,never,0,0,0,0,0
700,yes,CHAPMAN,19,male,urban,free,yes,0,5,0,85,85
701,yes,WINTERS,26,male,urban,premium,yes,0,1,0,384,384
702,no,MARSHALL,38,male,urban,free,always,1,1,0,0,243
703,no,HENDERSON,43,male,urban,free,never,0,0,0,0,0
704,yes,FORD,19,male,urban,premium,never,0,0,0,0,176
705,no,HENDERSON,52,female,urban,free,never,0,8,0,0,0
706,yes,SNOW,80,male,urban,premium,yes,0,0,0,0,0
707,no,WATKINS,30,male,rural,free,never,0,9,0,0,0
708,no,BARKER,56,male,urban,free,never,0,0,0,0,0
709,no,HOGAN,64,male,rural,free,never,0,0,0,0,0
710,no,HESS,82,male,rural,free,yes,0,0,0,0,93
711,no,GILLESPIE,42,male,urban,free,always,0,0,0,0,160
712,no,TUCKER,34,female,urban,free,never,0,0,0,0,62
713,no,GRIFFIN,48,female,urban,free,never,0,3,0,0,0
714,no,RAMSEY,46,male,rural,free,yes,0,0,0,0,0
715,no,PERKINS,80,male,urban,free,never,0,11,0,0,0
716,no,BARRETT,32,female,urban,free,yes,0,6,0,0,0
717,no,SCHROEDER,44,male,rural,free,never,0,0,0,0,0
718,yes,HUFF,60,male,rural,free,never,8,22,0,233,233
719,no,GALLAGHER,49,male,rural,free,never,0,0,0,0,0
720,yes,SIMMONS,27,male,urban,free,yes,0,1,0,0,0
721,yes,THOMPSON,27,male,urban,free,never,14,14,198,198,198
722,yes,BURRIS,24,male,urban,free,yes,0,0,0,0,0
723,no,REYNOLDS,81,female,urban,free,never,0,5,0,26,26
724,yes,GOODWIN,36,female,urban,free,never,11,11,0,0,0
725,no,ELLIS,66,female,urban,free,yes,0,5,0,0,0
726,yes,WOODARD,56,female,urban,premium,always,7,7,0,0,188
727,no,GALLOWAY,64,female,urban,free,never,0,0,0,0,0
728,no,CHAMBERS,43,male,urban,free,never,0,0,0,0,0
729,no,HENDRICKS,29,female,urban,free,never,0,2,0,0,0
730,yes,ZIMMERMAN,63,male,urban,free,yes,8,8,0,0,0
731,no,ERICKSON,81,male,urban,free,never,0,0,0,0,0
732,no,BENDER,50,female,urban,free,never,0,0,0,0,0
733,yes,PECK,72,female,urban,premium,never,0,0,0,0,155
734,yes,LOVE,61,male,urban,premium,never,0,0,0,0,0
735,yes,LAMBERT,39,female,urban,premium,never,0,0,0,0,0
736,no,FROST,50,female,urban,free,never,0,2,0,0,0
737,no,GARZA,52,male,urban,free,never,3,4,0,0,0
738,no,BUCKNER,76,male,urban,free,always,0,0,0,0,0
739,no,WINTERS,66,female,urban,free,never,0,5,0,0,0
740,yes,DIAZ,39,female,urban,premium,never,0,0,0,0,182
741,no,DAVIS,52,male,rural,free,never,0,10,0,0,0
742,no,VAUGHN,63,female,urban,free,never,0,10,0,0,0
743,no,ROMAN,67,male,urban,free,never,0,4,0,62,62
744,no,COMPTON,53,male,urban,free,never,0,0,0,0,0
745,yes,TURNER,31,male,urban,premium,never,1,1,0,0,0
746,no,ANDREWS,24,female,urban,free,never,0,0,0,0,0
747,yes,HAYS,28,female,urban,premium,never,0,0,0,0,0
748,no,PADILLA,25,male,urban,free,never,0,0,0,0,0
749,yes,WIGGINS,30,male,urban,premium,yes,0,2,0,0,0
750,no,ROTH,17,female,urban,free,never,3,3,0,0,0
751,no,ESPINOZA,48,male,rural,free,yes,0,0,0,0,0
752,no,BLACK,91,female,urban,premium,never,0,0,0,0,0
753,yes,CARVER,46,female,urban,free,never,12,12,0,0,0
754,yes,NORMAN,73,male,urban,free,yes,10,10,0,0,0
755,no,MULLEN,35,male,urban,free,never,0,0,0,0,0
756,yes,MCKEE,27,female,urban,premium,yes,0,5,0,76,76
757,yes,FROST,37,female,urban,premium,yes,0,0,0,0,125
758,yes,MARSH,56,male,urban,premium,always,0,0,0,0,0
759,yes,EWING,54,male,urban,premium,never,0,0,0,0,0
760,no,AYALA,59,female,rural,premium,never,0,5,0,0,0
761,yes,MERRITT,55,male,rural,premium,never,5,5,28,28,82
762,no,WITT,87,female,rural,free,yes,0,0,0,0,0
763,no,BOONE,19,female,urban,free,never,2,2,0,0,0
764,yes,RAMOS,18,male,urban,free,never,0,6,0,44,179
765,yes,RICH,39,male,urban,free,yes,0,2,0,33,40
766,yes,BEARD,19,female,urban,premium,yes,0,0,0,0,0
767,yes,RASMUSSEN,31,male,urban,premium,always,0,6,0,0,0
768,no,CHANEY,43,female,rural,free,never,0,0,0,0,0
769,no,OWENS,32,female,urban,free,always,0,0,0,0,0
770,no,ROMERO,30,female,urban,free,never,0,0,0,0,0
771,no,WELLS,50,female,urban,free,yes,0,3,0,0,0
772,no,BEAN,37,male,urban,free,never,0,5,0,0,0
773,no,WYNN,43,male,urban,free,never,0,0,0,0,0
774,yes,BRUCE,36,male,urban,free,never,0,8,0,198,214
775,yes,ADKINS,49,female,rural,free,never,8,14,0,144,144
776,no,HUFFMAN,21,female,rural,free,never,0,0,0,0,0
777,yes,COMPTON,25,male,urban,free,never,0,6,0,138,138
778,yes,GREER,39,female,urban,free,never,0,14,0,162,162
779,yes,EVERETT,53,male,urban,free,always,3,3,33,33,33
780,yes,FRY,22,male,rural,free,never,7,7,0,0,0
781,yes,MARTIN,39,male,urban,premium,never,3,10,0,0,0
782,no,NGUYEN,59,female,urban,free,never,0,2,0,74,74
783,no,HAYNES,30,female,urban,free,never,3,7,0,0,0
784,no,DODSON,41,female,urban,free,never,0,5,0,0,0
785,yes,BOND,60,female,urban,premium,always,11,30,25,25,25
786,no,MERCADO,71,male,urban,free,yes,0,0,0,0,0
787,yes,ROWE,42,male,urban,premium,yes,0,0,0,0,0
788,yes,HARDY,61,female,urban,free,never,8,8,0,0,0
789,yes,LEBLANC,46,male,urban,free,yes,0,3,0,72,72
790,no,DOUGLAS,70,female,rural,free,never,4,4,0,0,0
791,no,RASMUSSEN,42,male,urban,free,never,0,0,0,0,0
792,no,EATON,37,male,urban,free,never,0,0,0,0,0
793,yes,RICH,74,male,urban,free,yes,0,1,0,0,0
794,no,NICHOLSON,25,male,urban,free,never,0,0,0,0,0
795,no,MCLEOD,39,female,rural,free,never,0,0,0,0,0
796,yes,PENA,67,female,urban,premium,never,12,12,0,0,0
797,no,MILES,46,female,urban,free,never,0,0,0,0,0
798,no,GREENE,19,female,rural,free,yes,0,0,0,0,0
799,no,SPENCE,18,male,urban,free,never,1,1,0,0,0
800,no,PALMER,48,male,urban,free,never,0,10,0,0,0
801,yes,TUCKER,33,male,urban,free,never,4,4,0,0,0
802,yes,ACOSTA,66,female,rural,free,never,11,11,0,0,0
803,no,LANGLEY,29,male,urban,free,never,0,0,0,0,0
804,yes,WILDER,73,female,urban,free,yes,10,10,0,0,0
805,yes,LESTER,26,female,urban,premium,yes,0,7,0,0,0
806,no,LEACH,20,female,urban,free,yes,0,5,0,0,0
807,yes,HODGE,35,male,urban,free,yes,0,0,0,0,0
808,yes,KIRKLAND,73,male,rural,premium,never,0,8,0,0,0
809,no,RIVAS,45,male,rural,free,yes,0,0,0,0,0
810,no,NELSON,37,male,rural,free,never,0,0,0,0,0
811,no,HARDIN,26,male,urban,free,never,0,0,0,0,0
812,yes,CUNNINGHAM,22,male,urban,premium,never,5,5,0,0,0
813,no,BECK,45,male,rural,free,never,0,0,0,0,135
814,yes,HUMPHREY,59,male,urban,premium,yes,0,1,0,0,0
815,yes,GLENN,26,female,urban,premium,never,0,0,0,0,158
816,no,GUTHRIE,58,male,urban,free,never,0,2,0,0,0
817,yes,DICKERSON,43,female,urban,premium,yes,1,1,0,0,0
818,yes,LOTT,50,male,urban,free,yes,0,3,0,20,20
819,yes,PALMER,59,male,urban,free,yes,0,0,0,0,0
820,no,GARZA,60,male,urban,free,never,1,5,0,0,0
821,no,PACE,89,female,rural,free,never,0,0,0,0,0
822,no,DURAN,53,male,urban,free,never,0,0,0,0,109
823,no,BEASLEY,51,female,urban,free,always,0,6,0,0,0
824,no,MERRILL,65,male,rural,free,yes,0,0,0,0,0
825,yes,ROBERSON,47,female,urban,free,never,7,7,0,0,0
826,no,WALTER,26,male,rural,free,never,0,3,0,0,0
827,no,UNDERWOOD,41,female,urban,free,always,0,0,0,0,0
828,yes,MCGEE,50,male,urban,free,never,7,10,0,0,0
829,yes,SCHWARTZ,32,female,urban,premium,never,0,0,0,0,0
830,yes,SAVAGE,38,male,urban,free,never,13,13,0,0,0
831,no,FOSTER,60,female,urban,free,never,0,0,0,0,0
832,no,HOUSTON,43,female,urban,free,never,2,2,0,0,519
833,no,BOYD,74,male,urban,free,yes,0,0,0,0,0
834,yes,BOND,46,female,urban,free,yes,0,4,0,326,326
835,yes,COLON,33,male,urban,free,never,2,2,263,263,263
836,yes,LOVE,33,male,urban,premium,never,3,3,0,0,0
837,yes,GARCIA,77,female,urban,free,never,4,35,0,0,0
838,no,HUNT,40,female,urban,free,yes,0,7,0,0,0
839,no,ELLIOTT,28,male,urban,free,never,0,5,0,0,0
840,no,RANDOLPH,72,male,urban,free,never,0,0,0,0,73
841,yes,NORMAN,49,male,urban,free,never,9,9,20,20,20
842,no,AVERY,88,female,urban,free,yes,0,0,0,0,0
843,no,BENTLEY,29,female,urban,free,yes,0,0,0,0,0
844,no,BURRIS,30,female,urban,free,never,0,0,0,0,21
845,yes,MORSE,65,male,urban,free,yes,7,7,0,0,0
846,no,MITCHELL,50,female,rural,free,never,0,0,0,0,30
847,no,MCDONALD,34,male,rural,free,never,0,0,0,0,0
848,yes,HALEY,18,male,urban,free,yes,0,4,0,0,165
849,no,PAYNE,75,female,urban,free,yes,0,0,0,0,0
850,no,FLORES,73,male,rural,free,never,0,3,0,0,120
851,no,LEWIS,45,female,urban,free,never,0,1,0,0,0
852,no,BOWERS,28,male,rural,free,never,0,0,0,0,0
853,no,CLINE,22,female,urban,free,yes,0,0,0,0,0
854,yes,HOOPER,38,female,urban,premium,never,0,0,0,0,0
855,no,TRUJILLO,51,male,rural,free,yes,0,0,0,0,0
856,yes,GREGORY,32,male,urban,free,yes,1,1,0,0,0
857,yes,BRITT,34,male,urban,premium,never,0,0,0,0,0
858,no,FERRELL,69,female,urban,free,never,3,13,0,0,0
859,yes,HAYES,54,male,urban,free,yes,0,0,0,0,0
860,yes,PALMER,38,female,urban,free,yes,0,7,0,0,60
861,no,BARR,65,male,rural,free,always,0,0,0,0,0
862,no,HARVEY,72,female,urban,free,never,0,0,0,0,57
863,yes,GARDNER,41,male,urban,free,never,3,3,47,47,47
864,no,STEIN,74,female,urban,free,never,0,0,0,0,0
865,no,CRUZ,58,male,urban,free,never,0,2,0,33,33
866,no,HARDY,72,male,urban,free,never,0,0,0,0,0
867,yes,GILMORE,42,female,urban,free,never,0,4,0,238,238
868,yes,MCDANIEL,55,male,urban,free,always,10,10,0,0,0
869,no,ONEIL,30,male,urban,free,never,0,5,0,0,0
870,no,SANTANA,48,female,urban,free,never,0,0,0,0,0
871,no,HENDRICKS,21,male,urban,free,never,0,2,0,0,0
872,no,NOLAN,48,male,urban,free,never,0,0,0,0,106
873,yes,WIGGINS,40,male,urban,premium,never,0,0,0,0,32
874,no,DIAZ,34,female,urban,free,never,0,1,0,0,0
875,no,DUKE,45,male,urban,free,never,0,0,0,0,0
876,yes,MARSH,50,male,rural,premium,never,0,0,0,0,0
877,yes,BOOTH,53,male,rural,premium,never,0,0,0,0,0
878,yes,WOLF,41,male,urban,free,yes,0,0,0,0,0
879,yes,WRIGHT,43,male,urban,free,yes,0,0,0,0,0
880,yes,COHEN,51,male,urban,premium,never,1,1,0,0,0
881,yes,HERMAN,48,male,rural,premium,never,12,12,0,0,0
882,no,SANDOVAL,90,male,urban,free,never,0,0,0,0,0
883,yes,JARVIS,44,male,urban,premium,never,0,11,0,48,144
884,no,HINES,28,female,urban,free,never,0,0,0,0,0
885,no,BYRD,26,male,rural,free,never,0,4,0,56,56
886,yes,BARRON,39,male,urban,free,yes,0,3,0,0,0
887,yes,DAVENPORT,30,male,urban,free,yes,0,0,0,0,0
888,no,ROY,31,male,urban,free,never,0,0,0,0,0
889,no,MATHIS,37,female,rural,free,never,0,0,0,0,0
890,no,VEGA,54,male,urban,free,never,0,2,0,0,0
891,yes,PRATT,24,male,urban,free,yes,0,1,0,0,0
892,yes,FLOWERS,83,female,urban,free,yes,3,5,129,129,129
893,no,EDWARDS,45,male,rural,free,always,0,0,0,0,224
894,yes,MCGEE,70,male,urban,free,never,10,10,0,0,0
895,no,BLAIR,72,female,urban,free,never,3,3,0,0,0
896,yes,HOWARD,68,male,urban,premium,yes,0,3,0,0,0
897,yes,ROSARIO,60,female,urban,free,yes,0,3,0,55,59
898,yes,COOPER,29,male,urban,premium,never,0,0,0,0,121
899,yes,WILKINSON,71,male,urban,premium,never,1,1,58,58,58
900,no,DILLARD,79,male,rural,free,yes,0,0,0,0,0
901,no,FERRELL,25,male,urban,free,never,0,0,0,0,0
902,yes,ODONNELL,22,female,urban,free,never,13,13,0,0,0
903,no,DELEON,36,female,urban,free,yes,0,2,0,30,30
904,no,PUGH,48,female,urban,free,never,0,5,0,0,0
905,yes,TREVINO,61,male,rural,premium,never,6,6,0,0,0
906,no,VELAZQUEZ,75,male,urban,free,never,0,0,0,0,0
907,no,GILES,23,male,urban,free,never,0,0,0,0,0
908,no,GILLESPIE,79,female,urban,free,never,0,0,0,0,246
909,no,HOWARD,36,male,urban,free,never,0,0,0,0,0
910,yes,GARNER,59,female,urban,premium,never,14,14,0,0,0
911,no,FAULKNER,70,female,urban,free,yes,0,0,0,0,0
912,no,KEY,48,female,urban,free,never,0,1,0,0,0
913,no,PENA,19,male,rural,free,never,4,4,0,0,0
914,no,ENGLAND,31,male,urban,free,never,0,0,0,0,0
915,no,WATSON,56,male,urban,free,never,0,2,0,0,0
916,no,SWANSON,82,female,rural,free,never,0,0,0,0,0
917,no,WALTER,62,female,rural,free,never,0,12,0,0,0
918,yes,ROBERTSON,17,male,urban,free,yes,0,9,0,0,0
919,yes,VALENTINE,23,male,rural,premium,yes,0,3,0,0,0
920,yes,KIRKLAND,20,female,urban,premium,yes,0,0,0,0,0
921,yes,MANN,34,male,rural,premium,yes,0,7,0,0,0
922,no,HURLEY,24,female,urban,free,never,0,8,0,0,0
923,no,LOVE,41,male,rural,free,never,0,8,0,0,123
924,yes,WRIGHT,73,female,urban,premium,yes,2,2,73,73,73
925,no,AGUIRRE,71,male,urban,free,yes,0,0,0,0,0
926,yes,SULLIVAN,64,male,rural,premium,never,0,4,0,0,0
927,no,LESTER,66,female,urban,free,never,4,4,0,0,0
928,yes,BEASLEY,55,female,urban,free,yes,11,11,0,0,0
929,yes,WALTON,48,male,rural,premium,yes,0,0,0,0,0
930,yes,MOONEY,36,male,urban,free,never,0,11,0,0,0
931,yes,BARKER,63,male,urban,free,yes,0,0,0,0,0
932,yes,WALLER,35,male,urban,free,yes,0,0,0,0,0
933,yes,MENDEZ,74,male,rural,free,never,8,8,0,0,0
934,yes,RYAN,91,male,urban,premium,yes,0,0,0,0,0
935,no,CLAYTON,22,male,urban,free,never,0,0,0,0,0
936,yes,DALTON,60,male,urban,free,never,0,4,0,151,261
937,yes,CROSS,43,male,urban,free,yes,0,1,0,0,0
938,no,MORAN,41,male,urban,free,never,1,1,0,0,0
939,no,YANG,86,male,urban,free,never,0,8,0,0,0
940,no,CHEN,63,male,urban,free,never,0,4,0,0,0
941,yes,HANEY,24,male,urban,free,never,4,4,0,0,195
942,yes,WILKINSON,46,female,urban,free,never,7,18,142,142,142
943,no,HARRISON,89,female,urban,free,yes,0,4,0,0,0
944,no,CHRISTENSEN,62,male,urban,free,never,0,0,0,0,0
945,no,WHITFIELD,61,female,urban,free,yes,0,0,0,0,0
946,yes,DANIELS,41,male,urban,free,never,7,7,2,2,2
947,no,STONE,37,male,urban,free,never,0,0,0,0,0
948,no,SHAW,50,male,urban,free,never,0,0,0,0,0
949,yes,MADDOX,74,male,rural,premium,yes,0,0,0,0,0
950,no,WYNN,76,female,urban,free,never,0,0,0,0,0
951,no,RUSSELL,61,male,urban,free,never,0,0,0,0,0
952,yes,PECK,27,male,urban,free,yes,8,36,0,0,0
953,yes,HATFIELD,63,male,urban,premium,never,3,3,0,0,0
954,yes,COLLINS,32,male,urban,free,yes,0,1,0,0,0
955,no,JIMENEZ,45,male,urban,free,never,3,3,0,0,0
956,yes,ROWE,53,male,urban,free,never,5,8,0,0,0
957,no,BAXTER,21,female,urban,free,never,0,0,0,0,0
958,yes,ENGLAND,38,male,urban,free,yes,0,0,0,0,0
959,yes,ANDREWS,44,male,urban,free,yes,0,5,0,0,0
960,yes,BRADFORD,81,female,urban,premium,never,5,5,0,0,0
961,no,RYAN,45,female,urban,free,yes,1,1,0,0,121
962,yes,DEAN,52,male,urban,premium,never,0,0,0,0,0
963,yes,DELACRUZ,76,male,urban,free,never,1,1,42,42,42
964,no,CONTRERAS,61,male,urban,free,never,1,1,0,0,0
965,no,HOLT,27,male,urban,free,never,0,0,0,0,0
966,no,FIELDS,55,male,rural,free,never,0,4,0,0,0
967,yes,STEWART,35,male,urban,free,yes,6,6,0,0,0
968,no,BALL,56,female,rural,free,never,0,0,0,0,0
969,yes,NORTON,25,female,urban,free,never,10,10,0,0,0
970,yes,WALTON,46,female,urban,premium,never,0,3,0,0,0
971,no,BLAKE,56,male,urban,free,never,0,0,0,0,0
972,yes,SELLERS,41,male,rural,free,never,9,13,0,0,0
973,no,ROACH,22,male,urban,free,never,0,0,0,0,110
974,yes,SINGLETON,42,male,urban,free,never,9,9,79,79,79
975,no,ORR,90,male,urban,free,never,2,2,0,0,1
976,no,ROCHA,62,female,urban,free,never,5,5,0,0,0
977,no,RIVERS,41,male,rural,free,yes,0,0,0,0,0
978,yes,CROSS,62,female,urban,free,yes,0,13,0,0,25
979,no,HAYS,44,male,rural,free,never,0,0,0,0,0
980,no,JACKSON,68,male,urban,free,yes,0,0,0,0,0
981,no,SUTTON,50,female,urban,free,never,0,3,0,0,0
982,yes,FOWLER,38,male,urban,free,yes,0,3,0,0,0
983,yes,BUCHANAN,22,female,urban,free,never,8,8,0,0,0
984,yes,MOSLEY,55,female,urban,premium,yes,0,0,0,0,0
985,yes,BAUER,54,male,urban,free,yes,8,8,0,0,0
986,no,ORTEGA,57,female,urban,free,never,0,0,0,0,0
987,no,OSBORNE,43,male,urban,free,always,0,0,0,0,0
988,yes,SILVA,77,male,urban,free,never,1,1,137,137,137
989,no,FIELDS,72,female,urban,free,never,0,7,0,0,0
990,yes,FLORES,20,male,urban,free,yes,0,2,0,0,0
991,no,WALLS,53,female,urban,free,never,2,2,0,0,0
992,no,HINTON,54,female,rural,free,never,0,5,0,0,0
993,yes,GIBBS,43,female,urban,premium,yes,0,0,0,0,0
994,no,JENSEN,44,female,urban,free,never,0,0,0,0,0
995,yes,CHAPMAN,45,male,urban,premium,yes,0,0,0,0,0
996,yes,VANCE,24,male,urban,free,yes,0,0,0,0,0
997,yes,REYES,40,female,urban,premium,yes,0,9,0,183,411
998,no,COHEN,27,female,urban,free,never,0,0,0,0,0
999,yes,STOUT,40,female,urban,premium,yes,0,0,0,0,0
1000,no,COOLEY,45,female,urban,free,never,0,3,0,66,66
